     0.0 +6378213.520    -9733.248       +0.000    -0.026781    -0.018835    -0.000000 -0.2133264361 +0.6741600935 -0.6741600935 +0.2133264361 +0.00000 +0.00000 +0.00000    1000.000  0.00010 -0.9563426 +1.00000     +83.95
     0.0 +6378213.520    -9733.238       +0.000    -0.026781    +0.804869    +0.000000 +0.4916159334 +0.5082457811 -0.5082457811 -0.4916159334 -0.00000 -0.00000 +0.02678    1000.000  0.00237 -0.0347872 +3.63859     +83.95
     0.1 +6378213.520    -9732.986       +0.000    -0.026781    +4.236969    +0.000000 +0.4984173394 +0.5015776668 -0.5015776668 -0.4984173394 +0.00000 +0.00000 -0.00000    1000.000  0.01245 -0.0078466 +3.63859     +83.95
     0.2 +6378213.520    -9732.391       +0.000    -0.026781    +7.669069    +0.000000 +0.4991262278 +0.5008722480 -0.5008722480 -0.4991262278 +0.00000 +0.00000 -0.00000    1000.000  0.02254 -0.0050179 +3.63859     +83.95
     0.3 +6378213.520    -9731.452       +0.000    -0.026781   +11.101169    +0.000000 +0.4993965294 +0.5006027431 -0.5006027431 -0.4993965294 +0.00000 +0.00000 -0.00000    1000.000  0.03262 -0.0039382 +3.63859     +83.94
     0.4 +6378213.520    -9730.171       +0.000    -0.026781   +14.533269    +0.000000 +0.4995391070 +0.5004604685 -0.5004604685 -0.4995391070 +0.00000 +0.00000 -0.00000    1000.000  0.04271 -0.0033683 +3.63859     +83.94
     0.5 +6378213.520    -9728.546       +0.000    -0.026781   +17.965369    +0.000000 +0.4996271886 +0.5003725337 -0.5003725337 -0.4996271886 +0.00000 +0.00000 -0.00000    1000.000  0.05279 -0.0030160 +3.63859     +83.94
     0.6 +6378213.520    -9726.578       +0.000    -0.026781   +21.397469    +0.000000 +0.4996870052 +0.5003127990 -0.5003127990 -0.4996870052 +0.00000 +0.00000 -0.00000    1000.000  0.06288 -0.0027766 +3.63859     +83.94
     0.7 +6378213.520    -9724.266       +0.000    -0.026781   +24.829569    +0.000000 +0.4997302809 +0.5002695736 -0.5002695736 -0.4997302809 +0.00000 +0.00000 -0.00000    1000.000  0.07297 -0.0026032 +3.63859     +83.93
     0.8 +6378213.520    -9721.612       +0.000    -0.026781   +28.261669    +0.000000 +0.4997630434 +0.5002368444 -0.5002368444 -0.4997630434 +0.00000 +0.00000 -0.00000    1000.000  0.08305 -0.0024718 +3.63859     +83.93
     0.9 +6378213.520    -9718.614       +0.000    -0.026781   +31.693769    +0.000000 +0.4997887087 +0.5002112021 -0.5002112021 -0.4997887087 +0.00000 +0.00000 -0.00000    1000.000  0.09314 -0.0023687 +3.63859     +83.92
     1.0 +6378213.520    -9715.273       +0.000    -0.026781   +35.125869    +0.000000 +0.4998093576 +0.5001905697 -0.5001905697 -0.4998093576 +0.00000 +0.00000 -0.00000    1000.000  0.10322 -0.0022856 +3.63859     +83.92
     1.1 +6378213.520    -9711.589       +0.000    -0.026781   +38.557969    +0.000000 +0.4998263299 +0.5001736098 -0.5001736098 -0.4998263299 +0.00000 +0.00000 -0.00000    1000.000  0.11331 -0.0022172 +3.63859     +83.91
     1.2 +6378213.520    -9707.561       +0.000    -0.026781   +41.990069    +0.000000 +0.4998405272 +0.5001594219 -0.5001594219 -0.4998405272 +0.00000 +0.00000 -0.00000    1000.000  0.12339 -0.0021598 +3.63859     +83.91
     1.3 +6378213.520    -9703.191       +0.000    -0.026781   +45.422169    +0.000000 +0.4998525788 +0.5001473778 -0.5001473778 -0.4998525788 +0.00000 +0.00000 -0.00000    1000.000  0.13348 -0.0021109 +3.63859     +83.90
     1.4 +6378213.520    -9698.477       +0.000    -0.026781   +48.854269    +0.000000 +0.4998629368 +0.5001370256 -0.5001370256 -0.4998629368 +0.00000 +0.00000 -0.00000    1000.000  0.14357 -0.0020687 +3.63859     +83.89
     1.5 +6378213.520    -9693.420       +0.000    -0.026781   +52.286369    +0.000000 +0.4998719348 +0.5001280324 -0.5001280324 -0.4998719348 +0.00000 +0.00000 -0.00000    1000.000  0.15365 -0.0020320 +3.63859     +83.89
     1.6 +6378213.520    -9688.020       +0.000    -0.026781   +55.718469    +0.000000 +0.4998798242 +0.5001201469 -0.5001201469 -0.4998798242 +0.00000 +0.00000 -0.00000    1000.000  0.16374 -0.0019996 +3.63859     +83.88
     1.7 +6378213.520    -9682.276       +0.000    -0.026781   +59.150569    +0.000000 +0.4998867980 +0.5001131764 -0.5001131764 -0.4998867980 +0.00000 +0.00000 -0.00000    1000.000  0.17382 -0.0019708 +3.63860     +83.87
     1.8 +6378213.520    -9676.189       +0.000    -0.026781   +62.582669    +0.000000 +0.4998930068 +0.5001069703 -0.5001069703 -0.4998930068 +0.00000 +0.00000 -0.00000    1000.000  0.18391 -0.0019450 +3.63860     +83.86
     1.9 +6378213.520    -9669.760       +0.000    -0.026781   +66.014769    +0.000000 +0.4998985699 +0.5001014095 -0.5001014095 -0.4998985699 +0.00000 +0.00000 -0.00000    1000.000  0.19400 -0.0019217 +3.63860     +83.85
     2.0 +6378213.520    -9662.987       +0.000    -0.026781   +69.446869    +0.000000 +0.4999035831 +0.5000963983 -0.5000963983 -0.4999035831 +0.00000 +0.00000 -0.00000    1000.000  0.20408 -0.0019006 +3.63860     +83.84
     2.1 +6378213.520    -9655.870       +0.000    -0.026781   +72.878969    +0.000000 +0.4999081241 +0.5000918590 -0.5000918590 -0.4999081241 +0.00000 +0.00000 -0.00000    1000.000  0.21417 -0.0018814 +3.63860     +83.83
     2.2 +6378213.520    -9648.411       +0.000    -0.026781   +76.311069    +0.000000 +0.4999122566 +0.5000877280 -0.5000877280 -0.4999122566 +0.00000 +0.00000 -0.00000    1000.000  0.22425 -0.0018637 +3.63860     +83.82
     2.3 +6378213.520    -9640.608       +0.000    -0.026781   +79.743169    +0.000000 +0.4999160333 +0.5000839526 -0.5000839526 -0.4999160333 +0.00000 +0.00000 -0.00000    1000.000  0.23434 -0.0018473 +3.63860     +83.81
     2.4 +6378213.520    -9632.462       +0.000    -0.026781   +83.175269    +0.000000 +0.4999194984 +0.5000804887 -0.5000804887 -0.4999194984 +0.00000 +0.00000 -0.00000    1000.000  0.24442 -0.0018322 +3.63860     +83.79
     2.5 +6378213.520    -9623.973       +0.000    -0.026781   +86.607369    +0.000000 +0.4999226888 +0.5000772993 -0.5000772993 -0.4999226888 +0.00000 +0.00000 -0.00000    1000.000  0.25451 -0.0018181 +3.63860     +83.78
     2.6 +6378213.520    -9615.141       +0.000    -0.026781   +90.039469    +0.000000 +0.4999256359 +0.5000743530 -0.5000743530 -0.4999256359 +0.00000 +0.00000 -0.00000    1000.000  0.26460 -0.0018049 +3.63861     +83.77
     2.7 +6378213.520    -9605.965       +0.000    -0.026781   +93.471569    +0.000000 +0.4999283666 +0.5000716231 -0.5000716231 -0.4999283666 +0.00000 +0.00000 -0.00000    1000.000  0.27468 -0.0017926 +3.63861     +83.75
     2.8 +6378213.520    -9596.446       +0.000    -0.026781   +96.903669    +0.000000 +0.4999309039 +0.5000690866 -0.5000690866 -0.4999309039 +0.00000 +0.00000 -0.00000    1000.000  0.28477 -0.0017809 +3.63861     +83.74
     2.9 +6378213.520    -9586.584       +0.000    -0.026781  +100.335769    +0.000000 +0.4999332675 +0.5000667236 -0.5000667236 -0.4999332675 +0.00000 +0.00000 -0.00000    1000.000  0.29485 -0.0017699 +3.63861     +83.72
     3.0 +6378213.520    -9576.379       +0.000    -0.026781  +103.767869    +0.000000 +0.4999354748 +0.5000645168 -0.5000645168 -0.4999354748 +0.00000 +0.00000 -0.00000    1000.000  0.30494 -0.0017595 +3.63861     +83.71
     3.1 +6378213.520    -9565.831       +0.000    -0.026781  +107.199969    +0.000000 +0.4999375408 +0.5000624514 -0.5000624514 -0.4999375408 +0.00000 +0.00000 -0.00000    1000.000  0.31502 -0.0017496 +3.63861     +83.69
     3.2 +6378213.520    -9554.939       +0.000    -0.026781  +110.632069    +0.000000 +0.4999394786 +0.5000605141 -0.5000605141 -0.4999394786 +0.00000 +0.00000 -0.00000    1000.000  0.32511 -0.0017401 +3.63861     +83.68
     3.3 +6378213.520    -9543.704       +0.000    -0.026781  +114.064169    +0.000000 +0.4999412997 +0.5000586934 -0.5000586934 -0.4999412997 +0.00000 +0.00000 -0.00000    1000.000  0.33520 -0.0017311 +3.63862     +83.66
     3.4 +6378213.520    -9532.126       +0.000    -0.026781  +117.496269    +0.000000 +0.4999430145 +0.5000569790 -0.5000569790 -0.4999430145 +0.00000 +0.00000 -0.00000    1000.000  0.34528 -0.0017224 +3.63862     +83.64
     3.5 +6378213.520    -9520.205       +0.000    -0.026781  +120.928369    +0.000000 +0.4999446319 +0.5000553620 -0.5000553620 -0.4999446319 +0.00000 +0.00000 -0.00000    1000.000  0.35537 -0.0017141 +3.63862     +83.63
     3.6 +6378213.520    -9507.941       +0.000    -0.026781  +124.360469    +0.000000 +0.4999461600 +0.5000538342 -0.5000538342 -0.4999461600 +0.00000 +0.00000 -0.00000    1000.000  0.36545 -0.0017060 +3.63862     +83.61
     3.7 +6378213.520    -9495.333       +0.000    -0.026781  +127.792569    +0.000000 +0.4999476061 +0.5000523885 -0.5000523885 -0.4999476061 +0.00000 +0.00000 -0.00000    1000.000  0.37554 -0.0016983 +3.63862     +83.59
     3.8 +6378213.520    -9482.382       +0.000    -0.026781  +131.224669    +0.000000 +0.4999489765 +0.5000510183 -0.5000510183 -0.4999489765 +0.00000 +0.00000 -0.00000    1000.000  0.38563 -0.0016908 +3.63863     +83.57
     3.9 +6378213.520    -9469.088       +0.000    -0.026781  +134.656769    +0.000000 +0.4999502770 +0.5000497181 -0.5000497181 -0.4999502770 +0.00000 +0.00000 -0.00000    1000.000  0.39571 -0.0016835 +3.63863     +83.55
     4.0 +6378213.520    -9455.451       +0.000    -0.026781  +138.088869    +0.000000 +0.4999515129 +0.5000484824 -0.5000484824 -0.4999515129 +0.00000 +0.00000 -0.00000    1000.000  0.40580 -0.0016764 +3.63863     +83.53
     4.1 +6378213.520    -9441.470       +0.000    -0.026781  +141.520969    +0.000000 +0.4999526888 +0.5000473067 -0.5000473067 -0.4999526888 +0.00000 +0.00000 -0.00000    1000.000  0.41588 -0.0016695 +3.63863     +83.51
     4.2 +6378213.520    -9427.147       +0.000    -0.026781  +144.953069    +0.000000 +0.4999538091 +0.5000461866 -0.5000461866 -0.4999538091 +0.00000 +0.00000 -0.00000    1000.000  0.42597 -0.0016628 +3.63863     +83.49
     4.3 +6378213.520    -9412.480       +0.000    -0.026781  +148.385169    +0.000000 +0.4999548775 +0.5000451184 -0.5000451184 -0.4999548775 +0.00000 +0.00000 -0.00000    1000.000  0.43605 -0.0016562 +3.63864     +83.47
     4.4 +6378213.520    -9397.470       +0.000    -0.026781  +151.817269    +0.000000 +0.4999558976 +0.5000440985 -0.5000440985 -0.4999558976 +0.00000 +0.00000 -0.00000    1000.000  0.44614 -0.0016498 +3.63864     +83.44
     4.5 +6378213.520    -9382.116       +0.000    -0.026781  +155.249369    +0.000000 +0.4999568726 +0.5000431236 -0.5000431236 -0.4999568726 +0.00000 +0.00000 -0.00000    1000.000  0.45623 -0.0016435 +3.63864     +83.42
     4.6 +6378213.520    -9366.420       +0.000    -0.026781  +158.681469    +0.000000 +0.4999578055 +0.5000421910 -0.5000421910 -0.4999578055 +0.00000 +0.00000 -0.00000    1000.000  0.46631 -0.0016373 +3.63864     +83.40
     4.7 +6378213.520    -9350.380       +0.000    -0.026781  +162.113569    +0.000000 +0.4999586988 +0.5000412978 -0.5000412978 -0.4999586988 +0.00000 +0.00000 -0.00000    1000.000  0.47640 -0.0016312 +3.63865     +83.37
     4.8 +6378213.520    -9333.997       +0.000    -0.026781  +165.545669    +0.000000 +0.4999595551 +0.5000404416 -0.5000404416 -0.4999595551 +0.00000 +0.00000 -0.00000    1000.000  0.48648 -0.0016252 +3.63865     +83.35
     4.9 +6378213.520    -9317.271       +0.000    -0.026781  +168.977769    +0.000000 +0.4999603766 +0.5000396202 -0.5000396202 -0.4999603766 +0.00000 +0.00000 -0.00000    1000.000  0.49657 -0.0016193 +3.63865     +83.33
     5.0 +6378213.520    -9300.201       +0.000    -0.026781  +172.409869    +0.000000 +0.4999611654 +0.5000388316 -0.5000388316 -0.4999611654 +0.00000 +0.00000 -0.00000    1000.000  0.50665 -0.0016135 +3.63865     +83.30
     5.1 +6378213.520    -9282.789       +0.000    -0.026781  +175.841969    +0.000000 +0.4999619234 +0.5000380737 -0.5000380737 -0.4999619234 +0.00000 +0.00000 -0.00000    1000.000  0.51674 -0.0016077 +3.63866     +83.28
     5.2 +6378213.520    -9265.033       +0.000    -0.026781  +179.274069    +0.000000 +0.4999626524 +0.5000373448 -0.5000373448 -0.4999626524 +0.00000 +0.00000 -0.00000    1000.000  0.52683 -0.0016020 +3.63866     +83.25
     5.3 +6378213.520    -9246.934       +0.000    -0.026781  +182.706169    +0.000000 +0.4999633540 +0.5000366433 -0.5000366433 -0.4999633540 +0.00000 +0.00000 -0.00000    1000.000  0.53691 -0.0015963 +3.63866     +83.22
     5.4 +6378213.520    -9228.492       +0.000    -0.026781  +186.138269    +0.000000 +0.4999640297 +0.5000359677 -0.5000359677 -0.4999640297 +0.00000 +0.00000 -0.00000    1000.000  0.54700 -0.0015908 +3.63866     +83.20
     5.5 +6378213.520    -9209.706       +0.000    -0.026781  +189.570369    +0.000000 +0.4999646810 +0.5000353165 -0.5000353165 -0.4999646810 +0.00000 +0.00000 -0.00000    1000.000  0.55708 -0.0015852 +3.63867     +83.17
     5.6 +6378213.520    -9190.578       +0.000    -0.026781  +193.002469    +0.000000 +0.4999653091 +0.5000346885 -0.5000346885 -0.4999653091 +0.00000 +0.00000 -0.00000    1000.000  0.56717 -0.0015797 +3.63867     +83.14
     5.7 +6378213.520    -9171.106       +0.000    -0.026781  +196.434569    +0.000000 +0.4999659152 +0.5000340825 -0.5000340825 -0.4999659152 +0.00000 +0.00000 -0.00000    1000.000  0.57726 -0.0015742 +3.63867     +83.11
     5.8 +6378213.520    -9151.291       +0.000    -0.026781  +199.866669    +0.000000 +0.4999665005 +0.5000334972 -0.5000334972 -0.4999665005 +0.00000 +0.00000 -0.00000    1000.000  0.58734 -0.0015688 +3.63868     +83.09
     5.9 +6378213.520    -9131.133       +0.000    -0.026781  +203.298769    +0.000000 +0.4999670661 +0.5000329318 -0.5000329318 -0.4999670661 +0.00000 +0.00000 -0.00000    1000.000  0.59743 -0.0015633 +3.63868     +83.06
     6.0 +6378213.520    -9110.631       +0.000    -0.026781  +206.730869    +0.000000 +0.4999676129 +0.5000323850 -0.5000323850 -0.4999676129 +0.00000 +0.00000 -0.00000    1000.000  0.60751 -0.0015579 +3.63868     +83.03
     6.1 +6378213.520    -9089.997       +0.000    -0.026781  +210.128648    +0.000000 +0.4999681366 +0.5000318614 -0.5000318614 -0.4999681366 +0.00000 +0.00000 -0.00000    1000.000  0.61750 -0.0015526 +3.63868     +83.00
     6.2 +6378213.520    -9068.812       +0.000    -0.026781  +213.560748    +0.000000 +0.4999686487 +0.5000313494 -0.5000313494 -0.4999686487 +0.00000 +0.00000 -0.00000    1000.000  0.62758 -0.0015472 +3.63869     +82.97
     6.3 +6378213.520    -9047.284       +0.000    -0.026781  +216.992848    +0.000000 +0.4999691445 +0.5000308535 -0.5000308535 -0.4999691445 +0.00000 +0.00000 -0.00000    1000.000  0.63767 -0.0015419 +3.63869     +82.94
     6.4 +6378213.520    -9025.413       +0.000    -0.026781  +220.424948    +0.000000 +0.4999696250 +0.5000303732 -0.5000303732 -0.4999696250 +0.00000 +0.00000 -0.00000    1000.000  0.64775 -0.0015365 +3.63869     +82.91
     6.5 +6378213.520    -9003.199       +0.000    -0.026781  +223.857048    +0.000000 +0.4999700907 +0.5000299075 -0.5000299075 -0.4999700907 +0.00000 +0.00000 -0.00000    1000.000  0.65784 -0.0015312 +3.63870     +82.87
     6.6 +6378213.520    -8980.642       +0.000    -0.026781  +227.289148    +0.000000 +0.4999705424 +0.5000294559 -0.5000294559 -0.4999705424 +0.00000 +0.00000 -0.00000    1000.000  0.66793 -0.0015258 +3.63870     +82.84
     6.7 +6378213.520    -8957.742       +0.000    -0.026781  +230.721248    +0.000000 +0.4999709806 +0.5000290177 -0.5000290177 -0.4999709806 +0.00000 +0.00000 -0.00000    1000.000  0.67801 -0.0015205 +3.63870     +82.81
     6.8 +6378213.520    -8934.498       +0.000    -0.026781  +234.153348    +0.000000 +0.4999714059 +0.5000285924 -0.5000285924 -0.4999714059 +0.00000 +0.00000 -0.00000    1000.000  0.68810 -0.0015152 +3.63871     +82.78
     6.9 +6378213.520    -8910.911       +0.000    -0.026781  +237.585448    +0.000000 +0.4999718190 +0.5000281794 -0.5000281794 -0.4999718190 +0.00000 +0.00000 -0.00000    1000.000  0.69818 -0.0015098 +3.63871     +82.74
     7.0 +6378213.520    -8886.981       +0.000    -0.026781  +241.017548    +0.000000 +0.4999722203 +0.5000277781 -0.5000277781 -0.4999722203 +0.00000 +0.00000 -0.00000    1000.000  0.70827 -0.0015044 +3.63871     +82.71
     7.1 +6378213.520    -8862.707       +0.000    -0.026781  +244.449648    +0.000000 +0.4999726104 +0.5000273881 -0.5000273881 -0.4999726104 +0.00000 +0.00000 -0.00000    1000.000  0.71836 -0.0014991 +3.63872     +82.68
     7.2 +6378213.520    -8838.091       +0.000    -0.026781  +247.881748    +0.000000 +0.4999729896 +0.5000270089 -0.5000270089 -0.4999729896 +0.00000 +0.00000 -0.00000    1000.000  0.72844 -0.0014937 +3.63872     +82.64
     7.3 +6378213.520    -8813.131       +0.000    -0.026781  +251.313848    +0.000000 +0.4999733585 +0.5000266401 -0.5000266401 -0.4999733585 +0.00000 +0.00000 -0.00000    1000.000  0.73853 -0.0014883 +3.63873     +82.61
     7.4 +6378213.520    -8787.828       +0.000    -0.026781  +254.745948    +0.000000 +0.4999737174 +0.5000262812 -0.5000262812 -0.4999737174 +0.00000 +0.00000 -0.00000    1000.000  0.74861 -0.0014829 +3.63873     +82.57
     7.5 +6378213.520    -8762.182       +0.000    -0.026781  +258.178048    +0.000000 +0.4999740668 +0.5000259318 -0.5000259318 -0.4999740668 +0.00000 +0.00000 -0.00000    1000.000  0.75870 -0.0014775 +3.63873     +82.54
     7.6 +6378213.520    -8736.192       +0.000    -0.026781  +261.610148    +0.000000 +0.4999744070 +0.5000255916 -0.5000255916 -0.4999744070 +0.00000 +0.00000 -0.00000    1000.000  0.76878 -0.0014721 +3.63874     +82.50
     7.7 +6378213.520    -8709.860       +0.000    -0.026781  +265.042248    +0.000000 +0.4999747385 +0.5000252603 -0.5000252603 -0.4999747385 +0.00000 +0.00000 -0.00000    1000.000  0.77887 -0.0014666 +3.63874     +82.47
     7.8 +6378213.520    -8683.184       +0.000    -0.026781  +268.474348    +0.000000 +0.4999750614 +0.5000249373 -0.5000249373 -0.4999750614 +0.00000 +0.00000 -0.00000    1000.000  0.78896 -0.0014611 +3.63875     +82.43
     7.9 +6378213.520    -8656.165       +0.000    -0.026781  +271.906448    +0.000000 +0.4999753762 +0.5000246226 -0.5000246226 -0.4999753762 +0.00000 +0.00000 -0.00000    1000.000  0.79904 -0.0014556 +3.63875     +82.39
     8.0 +6378213.520    -8628.803       +0.000    -0.026781  +275.338548    +0.000000 +0.4999756831 +0.5000243157 -0.5000243157 -0.4999756831 +0.00000 +0.00000 -0.00000    1000.000  0.80913 -0.0014501 +3.63875     +82.36
     8.1 +6378213.520    -8601.097       +0.000    -0.026781  +278.770648    +0.000000 +0.4999759825 +0.5000240163 -0.5000240163 -0.4999759825 +0.00000 +0.00000 -0.00000    1000.000  0.81921 -0.0014446 +3.63876     +82.32
     8.2 +6378213.520    -8573.049       +0.000    -0.026781  +282.202748    +0.000000 +0.4999762746 +0.5000237242 -0.5000237242 -0.4999762746 +0.00000 +0.00000 -0.00000    1000.000  0.82930 -0.0014390 +3.63876     +82.28
     8.3 +6378213.520    -8544.657       +0.000    -0.026781  +285.634848    +0.000000 +0.4999765597 +0.5000234392 -0.5000234392 -0.4999765597 +0.00000 +0.00000 -0.00000    1000.000  0.83938 -0.0014334 +3.63877     +82.24
     8.4 +6378213.520    -8515.922       +0.000    -0.026781  +289.066948    +0.000000 +0.4999768380 +0.5000231609 -0.5000231609 -0.4999768380 +0.00000 +0.00000 -0.00000    1000.000  0.84947 -0.0014278 +3.63877     +82.21
     8.5 +6378213.520    -8486.843       +0.000    -0.026781  +292.499048    +0.000000 +0.4999771098 +0.5000228891 -0.5000228891 -0.4999771098 +0.00000 +0.00000 -0.00000    1000.000  0.85956 -0.0014222 +3.63878     +82.17
     8.6 +6378213.520    -8457.422       +0.000    -0.026781  +295.931148    +0.000000 +0.4999773753 +0.5000226237 -0.5000226237 -0.4999773753 +0.00000 +0.00000 -0.00000    1000.000  0.86964 -0.0014165 +3.63878     +82.13
     8.7 +6378213.520    -8427.657       +0.000    -0.026781  +299.363248    +0.000000 +0.4999776347 +0.5000223643 -0.5000223643 -0.4999776347 +0.00000 +0.00000 -0.00000    1000.000  0.87973 -0.0014108 +3.63878     +82.09
     8.8 +6378213.520    -8397.549       +0.000    -0.026781  +302.795348    +0.000000 +0.4999778882 +0.5000221108 -0.5000221108 -0.4999778882 +0.00000 +0.00000 -0.00000    1000.000  0.88981 -0.0014050 +3.63879     +82.05
     8.9 +6378213.520    -8367.098       +0.000    -0.026781  +306.227448    +0.000000 +0.4999781360 +0.5000218630 -0.5000218630 -0.4999781360 +0.00000 +0.00000 -0.00000    1000.000  0.89990 -0.0013993 +3.63879     +82.01
     9.0 +6378213.520    -8336.304       +0.000    -0.026781  +309.659548    +0.000000 +0.4999783783 +0.5000216207 -0.5000216207 -0.4999783783 +0.00000 +0.00000 -0.00000    1000.000  0.90998 -0.0013935 +3.63880     +81.97
     9.1 +6378213.520    -8305.166       +0.000    -0.026781  +313.091648    +0.000000 +0.4999786154 +0.5000213837 -0.5000213837 -0.4999786154 +0.00000 +0.00000 -0.00000    1000.000  0.92007 -0.0013877 +3.63880     +81.93
     9.2 +6378213.520    -8273.685       +0.000    -0.026781  +316.523748    +0.000000 +0.4999788473 +0.5000211519 -0.5000211519 -0.4999788473 +0.00000 +0.00000 -0.00000    1000.000  0.93016 -0.0013818 +3.63881     +81.89
     9.3 +6378213.520    -8241.861       +0.000    -0.026781  +319.955848    +0.000000 +0.4999790742 +0.5000209250 -0.5000209250 -0.4999790742 +0.00000 +0.00000 -0.00000    1000.000  0.94024 -0.0013759 +3.63881     +81.85
     9.4 +6378213.520    -8209.694       +0.000    -0.026781  +323.387948    +0.000000 +0.4999792962 +0.5000207029 -0.5000207029 -0.4999792962 +0.00000 +0.00000 -0.00000    1000.000  0.95033 -0.0013700 +3.63882     +81.80
     9.5 +6378213.520    -8177.184       +0.000    -0.026781  +326.820048    +0.000000 +0.4999795137 +0.5000204855 -0.5000204855 -0.4999795137 +0.00000 +0.00000 -0.00000    1000.000  0.96041 -0.0013640 +3.63882     +81.76
     9.6 +6378213.520    -8144.330       +0.000    -0.026781  +330.252148    +0.000000 +0.4999797266 +0.5000202726 -0.5000202726 -0.4999797266 +0.00000 +0.00000 -0.00000    1000.000  0.97050 -0.0013580 +3.63883     +81.72
     9.7 +6378213.520    -8111.133       +0.000    -0.026781  +333.684248    +0.000000 +0.4999799351 +0.5000200641 -0.5000200641 -0.4999799351 +0.00000 +0.00000 -0.00000    1000.000  0.98059 -0.0013520 +3.63883     +81.68
     9.8 +6378213.520    -8077.593       +0.000    -0.026781  +337.116348    +0.000000 +0.4999801394 +0.5000198598 -0.5000198598 -0.4999801394 +0.00000 +0.00000 -0.00000    1000.000  0.99067 -0.0013459 +3.63884     +81.63
     9.9 +6378213.520    -8043.710       +0.000    -0.026781  +340.548448    +0.000000 +0.4999803395 +0.5000196597 -0.5000196597 -0.4999803395 +0.00000 +0.00000 -0.00000    1000.000  1.00076 -0.0013398 +3.63884     +81.59
    10.0 +6378213.520    -8009.484       +0.000    -0.026781  +343.980548    +0.000000 +0.4999805357 +0.5000194635 -0.5000194635 -0.4999805357 +0.00000 +0.00000 -0.00000    1000.000  1.01084 -0.0013336 +3.63885     +81.55
    10.1 +6378213.520    -7974.914       +0.000    -0.026781  +347.412648    +0.000000 +0.4999807280 +0.5000192713 -0.5000192713 -0.4999807280 +0.00000 +0.00000 -0.00000    1000.000  1.02093 -0.0013274 +3.63885     +81.51
    10.2 +6378213.520    -7940.001       +0.000    -0.026781  +350.844748    +0.000000 +0.4999809165 +0.5000190827 -0.5000190827 -0.4999809165 +0.00000 +0.00000 -0.00000    1000.000  1.03101 -0.0013212 +3.63886     +81.46
    10.3 +6378213.520    -7904.745       +0.000    -0.026781  +354.276848    +0.000000 +0.4999811014 +0.5000188979 -0.5000188979 -0.4999811014 +0.00000 +0.00000 -0.00000    1000.000  1.04110 -0.0013149 +3.63886     +81.42
    10.4 +6378213.520    -7869.146       +0.000    -0.026781  +357.708948    +0.000000 +0.4999812827 +0.5000187166 -0.5000187166 -0.4999812827 +0.00000 +0.00000 -0.00000    1000.000  1.05119 -0.0013086 +3.63887     +81.37
    10.5 +6378213.520    -7833.203       +0.000    -0.026781  +361.141048    +0.000000 +0.4999814606 +0.5000185387 -0.5000185387 -0.4999814606 +0.00000 +0.00000 -0.00000    1000.000  1.06127 -0.0013023 +3.63887     +81.33
    10.6 +6378213.520    -7796.917       +0.000    -0.026781  +364.573148    +0.000000 +0.4999816352 +0.5000183642 -0.5000183642 -0.4999816352 +0.00000 +0.00000 -0.00000    1000.000  1.07136 -0.0012959 +3.63888     +81.29
    10.7 +6378213.520    -7760.289       +0.000    -0.026781  +368.005248    +0.000000 +0.4999818064 +0.5000181929 -0.5000181929 -0.4999818064 +0.00000 +0.00000 -0.00000    1000.000  1.08144 -0.0012895 +3.63888     +81.24
    10.8 +6378213.520    -7723.316       +0.000    -0.026781  +371.437348    +0.000000 +0.4999819745 +0.5000180248 -0.5000180248 -0.4999819745 +0.00000 +0.00000 -0.00000    1000.000  1.09153 -0.0012830 +3.63889     +81.20
    10.9 +6378213.520    -7686.001       +0.000    -0.026781  +374.869448    +0.000000 +0.4999821396 +0.5000178598 -0.5000178598 -0.4999821396 +0.00000 +0.00000 -0.00000    1000.000  1.10161 -0.0012765 +3.63890     +81.15
    11.0 +6378213.520    -7648.343       +0.000    -0.026781  +378.301548    +0.000000 +0.4999823016 +0.5000176978 -0.5000176978 -0.4999823016 +0.00000 +0.00000 -0.00000    1000.000  1.11170 -0.0012699 +3.63890     +81.11
    11.1 +6378213.520    -7610.341       +0.000    -0.026781  +381.733648    +0.000000 +0.4999824607 +0.5000175386 -0.5000175386 -0.4999824607 +0.00000 +0.00000 -0.00000    1000.000  1.12179 -0.0012633 +3.63891     +81.06
    11.2 +6378213.520    -7571.996       +0.000    -0.026781  +385.165748    +0.000000 +0.4999826170 +0.5000173824 -0.5000173824 -0.4999826170 +0.00000 +0.00000 -0.00000    1000.000  1.13187 -0.0012567 +3.63891     +81.01
    11.3 +6378213.520    -7533.308       +0.000    -0.026781  +388.597848    +0.000000 +0.4999827706 +0.5000172288 -0.5000172288 -0.4999827706 +0.00000 +0.00000 -0.00000    1000.000  1.14196 -0.0012500 +3.63892     +80.97
    11.4 +6378213.520    -7494.276       +0.000    -0.026781  +392.029948    +0.000000 +0.4999829214 +0.5000170780 -0.5000170780 -0.4999829214 +0.00000 +0.00000 -0.00000    1000.000  1.15204 -0.0012433 +3.63892     +80.92
    11.5 +6378213.520    -7454.902       +0.000    -0.026781  +395.462048    +0.000000 +0.4999830696 +0.5000169298 -0.5000169298 -0.4999830696 +0.00000 +0.00000 -0.00000    1000.000  1.16213 -0.0012365 +3.63893     +80.88
    11.6 +6378213.520    -7415.184       +0.000    -0.026781  +398.894148    +0.000000 +0.4999832153 +0.5000167841 -0.5000167841 -0.4999832153 +0.00000 +0.00000 -0.00000    1000.000  1.17222 -0.0012297 +3.63894     +80.83
    11.7 +6378213.520    -7375.123       +0.000    -0.026781  +402.326248    +0.000000 +0.4999833585 +0.5000166410 -0.5000166410 -0.4999833585 +0.00000 +0.00000 -0.00000    1000.000  1.18230 -0.0012229 +3.63894     +80.78
    11.8 +6378213.520    -7334.719       +0.000    -0.026781  +405.758348    +0.000000 +0.4999834993 +0.5000165002 -0.5000165002 -0.4999834993 +0.00000 +0.00000 -0.00000    1000.000  1.19239 -0.0012160 +3.63895     +80.74
    11.9 +6378213.520    -7293.971       +0.000    -0.026781  +409.190448    +0.000000 +0.4999836377 +0.5000163618 -0.5000163618 -0.4999836377 +0.00000 +0.00000 -0.00000    1000.000  1.20247 -0.0012090 +3.63896     +80.69
    12.0 +6378213.520    -7252.880       +0.000    -0.026781  +412.622548    +0.000000 +0.4999837738 +0.5000162257 -0.5000162257 -0.4999837738 +0.00000 +0.00000 -0.00000    1000.000  1.21256 -0.0012020 +3.63896     +80.64
    12.1 +6378213.520    -7211.447       +0.000    -0.026781  +416.054648    +0.000000 +0.4999839076 +0.5000160919 -0.5000160919 -0.4999839076 +0.00000 +0.00000 -0.00000    1000.000  1.22264 -0.0011950 +3.63897     +80.60
    12.2 +6378213.520    -7169.670       +0.000    -0.026781  +419.486748    +0.000000 +0.4999840393 +0.5000159602 -0.5000159602 -0.4999840393 +0.00000 +0.00000 -0.00000    1000.000  1.23273 -0.0011879 +3.63897     +80.55
    12.3 +6378213.520    -7127.549       +0.000    -0.026781  +422.918848    +0.000000 +0.4999841688 +0.5000158307 -0.5000158307 -0.4999841688 +0.00000 +0.00000 -0.00000    1000.000  1.24282 -0.0011808 +3.63898     +80.50
    12.4 +6378213.520    -7085.086       +0.000    -0.026781  +426.350948    +0.000000 +0.4999842962 +0.5000157033 -0.5000157033 -0.4999842962 +0.00000 +0.00000 -0.00000    1000.000  1.25290 -0.0011736 +3.63899     +80.46
    12.5 +6378213.520    -7042.279       +0.000    -0.026781  +429.783048    +0.000000 +0.4999844217 +0.5000155779 -0.5000155779 -0.4999844217 +0.00000 +0.00000 -0.00000    1000.000  1.26299 -0.0011664 +3.63899     +80.41
    12.6 +6378213.520    -6999.129       +0.000    -0.026781  +433.215148    +0.000000 +0.4999845451 +0.5000154545 -0.5000154545 -0.4999845451 +0.00000 +0.00000 -0.00000    1000.000  1.27307 -0.0011592 +3.63900     +80.36
    12.7 +6378213.520    -6955.636       +0.000    -0.026781  +436.647248    +0.000000 +0.4999846666 +0.5000153330 -0.5000153330 -0.4999846666 +0.00000 +0.00000 -0.00000    1000.000  1.28316 -0.0011519 +3.63901     +80.31
    12.8 +6378213.520    -6911.800       +0.000    -0.026781  +440.079348    +0.000000 +0.4999847861 +0.5000152134 -0.5000152134 -0.4999847861 +0.00000 +0.00000 -0.00000    1000.000  1.29324 -0.0011445 +3.63901     +80.27
    12.9 +6378213.520    -6867.620       +0.000    -0.026781  +443.511448    +0.000000 +0.4999849039 +0.5000150957 -0.5000150957 -0.4999849039 +0.00000 +0.00000 -0.00000    1000.000  1.30333 -0.0011371 +3.63902     +80.22
    13.0 +6378213.520    -6823.097       +0.000    -0.026781  +446.943548    +0.000000 +0.4999850198 +0.5000149798 -0.5000149798 -0.4999850198 +0.00000 +0.00000 -0.00000    1000.000  1.31342 -0.0011297 +3.63903     +80.17
    13.1 +6378213.520    -6778.231       +0.000    -0.026781  +450.375648    +0.000000 +0.4999851340 +0.5000148656 -0.5000148656 -0.4999851340 +0.00000 +0.00000 -0.00000    1000.000  1.32350 -0.0011222 +3.63903     +80.12
    13.2 +6378213.520    -6733.022       +0.000    -0.026781  +453.807748    +0.000000 +0.4999852464 +0.5000147532 -0.5000147532 -0.4999852464 +0.00000 +0.00000 -0.00000    1000.000  1.33359 -0.0011146 +3.63904     +80.07
    13.3 +6378213.520    -6687.470       +0.000    -0.026781  +457.239848    +0.000000 +0.4999853571 +0.5000146424 -0.5000146424 -0.4999853571 +0.00000 +0.00000 -0.00000    1000.000  1.34367 -0.0011071 +3.63905     +80.03
    13.4 +6378213.520    -6641.574       +0.000    -0.026781  +460.671948    +0.000000 +0.4999854662 +0.5000145334 -0.5000145334 -0.4999854662 +0.00000 +0.00000 -0.00000    1000.000  1.35376 -0.0010994 +3.63905     +79.98
    13.5 +6378213.520    -6595.336       +0.000    -0.026781  +464.104048    +0.000000 +0.4999855737 +0.5000144259 -0.5000144259 -0.4999855737 +0.00000 +0.00000 -0.00000    1000.000  1.36384 -0.0010917 +3.63906     +79.93
    13.6 +6378213.520    -6548.754       +0.000    -0.026781  +467.536148    +0.000000 +0.4999856796 +0.5000143200 -0.5000143200 -0.4999856796 +0.00000 +0.00000 -0.00000    1000.000  1.37393 -0.0010840 +3.63907     +79.88
    13.7 +6378213.520    -6501.828       +0.000    -0.026781  +470.968248    +0.000000 +0.4999857840 +0.5000142156 -0.5000142156 -0.4999857840 +0.00000 +0.00000 -0.00000    1000.000  1.38402 -0.0010762 +3.63907     +79.83
    13.8 +6378213.520    -6454.560       +0.000    -0.026781  +474.400348    +0.000000 +0.4999858868 +0.5000141128 -0.5000141128 -0.4999858868 +0.00000 +0.00000 -0.00000    1000.000  1.39410 -0.0010684 +3.63908     +79.79
    13.9 +6378213.520    -6406.948       +0.000    -0.026781  +477.832448    +0.000000 +0.4999859882 +0.5000140114 -0.5000140114 -0.4999859882 +0.00000 +0.00000 -0.00000    1000.000  1.40419 -0.0010606 +3.63909     +79.74
    14.0 +6378213.520    -6358.993       +0.000    -0.026781  +481.264548    +0.000000 +0.4999860881 +0.5000139115 -0.5000139115 -0.4999860881 +0.00000 +0.00000 -0.00000    1000.000  1.41427 -0.0010526 +3.63910     +79.69
    14.1 +6378213.520    -6310.695       +0.000    -0.026781  +484.696648    +0.000000 +0.4999861866 +0.5000138130 -0.5000138130 -0.4999861866 +0.00000 +0.00000 -0.00000    1000.000  1.42436 -0.0010447 +3.63910     +79.64
    14.2 +6378213.520    -6262.054       +0.000    -0.026781  +488.128748    +0.000000 +0.4999862837 +0.5000137159 -0.5000137159 -0.4999862837 +0.00000 +0.00000 -0.00000    1000.000  1.43445 -0.0010367 +3.63911     +79.59
    14.3 +6378213.520    -6213.070       +0.000    -0.026781  +491.560848    +0.000000 +0.4999863795 +0.5000136201 -0.5000136201 -0.4999863795 +0.00000 +0.00000 -0.00000    1000.000  1.44453 -0.0010286 +3.63912     +79.55
    14.4 +6378213.520    -6163.742       +0.000    -0.026781  +494.992948    +0.000000 +0.4999864740 +0.5000135257 -0.5000135257 -0.4999864740 +0.00000 +0.00000 -0.00000    1000.000  1.45462 -0.0010205 +3.63913     +79.50
    14.5 +6378213.520    -6114.071       +0.000    -0.026781  +498.425048    +0.000000 +0.4999865671 +0.5000134325 -0.5000134325 -0.4999865671 +0.00000 +0.00000 -0.00000    1000.000  1.46470 -0.0010123 +3.63913     +79.45
    14.6 +6378213.520    -6064.057       +0.000    -0.026781  +501.857148    +0.000000 +0.4999866590 +0.5000133407 -0.5000133407 -0.4999866590 +0.00000 +0.00000 -0.00000    1000.000  1.47479 -0.0010041 +3.63914     +79.40
    14.7 +6378213.520    -6013.700       +0.000    -0.026781  +505.289248    +0.000000 +0.4999867496 +0.5000132501 -0.5000132501 -0.4999867496 +0.00000 +0.00000 -0.00000    1000.000  1.48487 -0.0009959 +3.63915     +79.36
    14.8 +6378213.520    -5962.999       +0.000    -0.026781  +508.721348    +0.000000 +0.4999868390 +0.5000131607 -0.5000131607 -0.4999868390 +0.00000 +0.00000 -0.00000    1000.000  1.49496 -0.0009875 +3.63916     +79.31
    14.9 +6378213.520    -5911.955       +0.000    -0.026781  +512.153448    +0.000000 +0.4999869272 +0.5000130725 -0.5000130725 -0.4999869272 +0.00000 +0.00000 -0.00000    1000.000  1.50505 -0.0009792 +3.63916     +79.26
    15.0 +6378213.520    -5860.568       +0.000    -0.026781  +515.585548    +0.000000 +0.4999870142 +0.5000129855 -0.5000129855 -0.4999870142 +0.00000 +0.00000 -0.00000    1000.000  1.51513 -0.0009708 +3.63917     +79.21
    15.1 +6378213.520    -5808.319       +0.000    -0.026781  +519.051969    +0.000000 +0.4999871009 +0.5000128987 -0.5000128987 -0.4999871009 +0.00000 +0.00000 -0.00000    1000.000  1.52532 -0.0009622 +3.63918     +79.16
    15.2 +6378213.520    -5756.242       +0.000    -0.026781  +522.484069    +0.000000 +0.4999871857 +0.5000128140 -0.5000128140 -0.4999871857 +0.00000 +0.00000 -0.00000    1000.000  1.53540 -0.0009537 +3.63919     +79.12
    15.3 +6378213.520    -5703.822       +0.000    -0.026781  +525.916169    +0.000000 +0.4999872693 +0.5000127304 -0.5000127304 -0.4999872693 +0.00000 +0.00000 -0.00000    1000.000  1.54549 -0.0009452 +3.63919     +79.07
    15.4 +6378213.520    -5651.059       +0.000    -0.026781  +529.348269    +0.000000 +0.4999873518 +0.5000126479 -0.5000126479 -0.4999873518 +0.00000 +0.00000 -0.00000    1000.000  1.55558 -0.0009366 +3.63920     +79.02
    15.5 +6378213.520    -5597.953       +0.000    -0.026781  +532.780369    +0.000000 +0.4999874333 +0.5000125664 -0.5000125664 -0.4999874333 +0.00000 +0.00000 -0.00000    1000.000  1.56566 -0.0009279 +3.63921     +78.98
    15.6 +6378213.520    -5544.503       +0.000    -0.026781  +536.212469    +0.000000 +0.4999875137 +0.5000124860 -0.5000124860 -0.4999875137 +0.00000 +0.00000 -0.00000    1000.000  1.57575 -0.0009192 +3.63922     +78.93
    15.7 +6378213.520    -5490.710       +0.000    -0.026781  +539.644569    +0.000000 +0.4999875932 +0.5000124065 -0.5000124065 -0.4999875932 +0.00000 +0.00000 -0.00000    1000.000  1.58583 -0.0009105 +3.63923     +78.88
    15.8 +6378213.520    -5436.574       +0.000    -0.026781  +543.076669    +0.000000 +0.4999876716 +0.5000123281 -0.5000123281 -0.4999876716 +0.00000 +0.00000 -0.00000    1000.000  1.59592 -0.0009017 +3.63924     +78.84
    15.9 +6378213.520    -5382.095       +0.000    -0.026781  +546.508769    +0.000000 +0.4999877490 +0.5000122507 -0.5000122507 -0.4999877490 +0.00000 +0.00000 -0.00000    1000.000  1.60600 -0.0008928 +3.63924     +78.79
    16.0 +6378213.520    -5327.272       +0.000    -0.026781  +549.940869    +0.000000 +0.4999878254 +0.5000121743 -0.5000121743 -0.4999878254 +0.00000 +0.00000 -0.00000    1000.000  1.61609 -0.0008839 +3.63925     +78.74
    16.1 +6378213.520    -5272.107       +0.000    -0.026781  +553.372969    +0.000000 +0.4999879010 +0.5000120988 -0.5000120988 -0.4999879010 +0.00000 +0.00000 -0.00000    1000.000  1.62618 -0.0008750 +3.63926     +78.70
    16.2 +6378213.520    -5216.598       +0.000    -0.026781  +556.805069    +0.000000 +0.4999879755 +0.5000120242 -0.5000120242 -0.4999879755 +0.00000 +0.00000 -0.00000    1000.000  1.63626 -0.0008660 +3.63927     +78.65
    16.3 +6378213.520    -5160.746       +0.000    -0.026781  +560.237169    +0.000000 +0.4999880492 +0.5000119505 -0.5000119505 -0.4999880492 +0.00000 +0.00000 -0.00000    1000.000  1.64635 -0.0008569 +3.63928     +78.61
    16.4 +6378213.520    -5104.550       +0.000    -0.026781  +563.669269    +0.000000 +0.4999881220 +0.5000118778 -0.5000118778 -0.4999881220 +0.00000 +0.00000 -0.00000    1000.000  1.65643 -0.0008478 +3.63929     +78.56
    16.5 +6378213.520    -5048.012       +0.000    -0.026781  +567.101369    +0.000000 +0.4999881938 +0.5000118059 -0.5000118059 -0.4999881938 +0.00000 +0.00000 -0.00000    1000.000  1.66652 -0.0008387 +3.63929     +78.52
    16.6 +6378213.520    -4991.130       +0.000    -0.026781  +570.533469    +0.000000 +0.4999882649 +0.5000117349 -0.5000117349 -0.4999882649 +0.00000 +0.00000 -0.00000    1000.000  1.67660 -0.0008295 +3.63930     +78.47
    16.7 +6378213.520    -4933.905       +0.000    -0.026781  +573.965569    +0.000000 +0.4999883350 +0.5000116647 -0.5000116647 -0.4999883350 +0.00000 +0.00000 -0.00000    1000.000  1.68669 -0.0008202 +3.63931     +78.43
    16.8 +6378213.520    -4876.337       +0.000    -0.026781  +577.397669    +0.000000 +0.4999884044 +0.5000115954 -0.5000115954 -0.4999884044 +0.00000 +0.00000 -0.00000    1000.000  1.69678 -0.0008109 +3.63932     +78.38
    16.9 +6378213.520    -4818.426       +0.000    -0.026781  +580.829769    +0.000000 +0.4999884729 +0.5000115268 -0.5000115268 -0.4999884729 +0.00000 +0.00000 -0.00000    1000.000  1.70686 -0.0008016 +3.63933     +78.34
    17.0 +6378213.520    -4760.171       +0.000    -0.026781  +584.261869    +0.000000 +0.4999885406 +0.5000114591 -0.5000114591 -0.4999885406 +0.00000 +0.00000 -0.00000    1000.000  1.71695 -0.0007922 +3.63934     +78.30
    17.1 +6378213.520    -4701.573       +0.000    -0.026781  +587.693969    +0.000000 +0.4999886075 +0.5000113922 -0.5000113922 -0.4999886075 +0.00000 +0.00000 -0.00000    1000.000  1.72703 -0.0007827 +3.63935     +78.25
    17.2 +6378213.520    -4642.632       +0.000    -0.026781  +591.126069    +0.000000 +0.4999886737 +0.5000113261 -0.5000113261 -0.4999886737 +0.00000 +0.00000 -0.00000    1000.000  1.73712 -0.0007732 +3.63935     +78.21
    17.3 +6378213.520    -4583.348       +0.000    -0.026781  +594.558169    +0.000000 +0.4999887391 +0.5000112607 -0.5000112607 -0.4999887391 +0.00000 +0.00000 -0.00000    1000.000  1.74721 -0.0007636 +3.63936     +78.17
    17.4 +6378213.520    -4523.721       +0.000    -0.026781  +597.990269    +0.000000 +0.4999888037 +0.5000111961 -0.5000111961 -0.4999888037 +0.00000 +0.00000 -0.00000    1000.000  1.75729 -0.0007540 +3.63937     +78.12
    17.5 +6378213.520    -4463.750       +0.000    -0.026781  +601.422369    +0.000000 +0.4999888676 +0.5000111322 -0.5000111322 -0.4999888676 +0.00000 +0.00000 -0.00000    1000.000  1.76738 -0.0007444 +3.63938     +78.08
    17.6 +6378213.520    -4403.436       +0.000    -0.026781  +604.854469    +0.000000 +0.4999889308 +0.5000110690 -0.5000110690 -0.4999889308 +0.00000 +0.00000 -0.00000    1000.000  1.77746 -0.0007347 +3.63939     +78.04
    17.7 +6378213.520    -4342.779       +0.000    -0.026781  +608.286569    +0.000000 +0.4999889932 +0.5000110065 -0.5000110065 -0.4999889932 +0.00000 +0.00000 -0.00000    1000.000  1.78755 -0.0007249 +2.69409     +78.00
    17.8 +6378213.520    -4281.834       +0.000    -0.026781  +609.761986    +0.000000 +0.4999890198 +0.5000109799 -0.5000109799 -0.4999890198 +0.00000 +0.00000 -0.00000    1000.000  1.79188 -0.0007152 +1.23225     +77.96
    17.9 +6378213.520    -4220.860       +0.000    -0.026781  +609.700013    +0.000000 +0.4999890187 +0.5000109810 -0.5000109810 -0.4999890187 +0.00000 +0.00000 -0.00000    1000.000  1.79170 -0.0007057 +1.00204     +77.92
    18.0 +6378213.520    -4159.894       +0.000    -0.026781  +609.638046    +0.000000 +0.4999890176 +0.5000109821 -0.5000109821 -0.4999890176 +0.00000 +0.00000 -0.00000    1000.000  1.79152 -0.0006961 +1.00204     +77.88
    18.1 +6378213.520    -4098.933       +0.000    -0.026781  +609.576085    +0.000000 +0.4999890165 +0.5000109833 -0.5000109833 -0.4999890165 +0.00000 +0.00000 -0.00000    1000.000  1.79134 -0.0006866 +1.00203     +77.84
    18.2 +6378213.520    -4037.978       +0.000    -0.026781  +609.514131    +0.000000 +0.4999890154 +0.5000109844 -0.5000109844 -0.4999890154 +0.00000 +0.00000 -0.00000    1000.000  1.79116 -0.0006770 +1.00203     +77.80
    18.3 +6378213.520    -3977.030       +0.000    -0.026781  +609.452182    +0.000000 +0.4999890143 +0.5000109855 -0.5000109855 -0.4999890143 +0.00000 +0.00000 -0.00000    1000.000  1.79097 -0.0006675 +1.00203     +77.76
    18.4 +6378213.520    -3916.088       +0.000    -0.026781  +609.390240    +0.000000 +0.4999890131 +0.5000109866 -0.5000109866 -0.4999890131 +0.00000 +0.00000 -0.00000    1000.000  1.79079 -0.0006579 +1.00203     +77.72
    18.5 +6378213.520    -3855.152       +0.000    -0.026781  +609.328304    +0.000000 +0.4999890120 +0.5000109877 -0.5000109877 -0.4999890120 +0.00000 +0.00000 -0.00000    1000.000  1.79061 -0.0006484 +1.00203     +77.69
    18.6 +6378213.520    -3794.222       +0.000    -0.026781  +609.266375    +0.000000 +0.4999890109 +0.5000109888 -0.5000109888 -0.4999890109 +0.00000 +0.00000 -0.00000    1000.000  1.79043 -0.0006388 +1.00203     +77.65
    18.7 +6378213.520    -3733.299       +0.000    -0.026781  +609.204451    +0.000000 +0.4999890098 +0.5000109900 -0.5000109900 -0.4999890098 +0.00000 +0.00000 -0.00000    1000.000  1.79025 -0.0006293 +1.00203     +77.61
    18.8 +6378213.520    -3672.381       +0.000    -0.026781  +609.142534    +0.000000 +0.4999890087 +0.5000109911 -0.5000109911 -0.4999890087 +0.00000 +0.00000 -0.00000    1000.000  1.79006 -0.0006197 +1.00203     +77.58
    18.9 +6378213.520    -3611.470       +0.000    -0.026781  +609.080623    +0.000000 +0.4999890076 +0.5000109922 -0.5000109922 -0.4999890076 +0.00000 +0.00000 -0.00000    1000.000  1.78988 -0.0006102 +1.00203     +77.54
    19.0 +6378213.520    -3550.565       +0.000    -0.026781  +609.018718    +0.000000 +0.4999890064 +0.5000109933 -0.5000109933 -0.4999890064 +0.00000 +0.00000 -0.00000    1000.000  1.78970 -0.0006006 +1.00203     +77.51
    19.1 +6378213.520    -3489.666       +0.000    -0.026781  +608.956819    +0.000000 +0.4999890053 +0.5000109944 -0.5000109944 -0.4999890053 +0.00000 +0.00000 -0.00000    1000.000  1.78952 -0.0005911 +1.00202     +77.47
    19.2 +6378213.520    -3428.774       +0.000    -0.026781  +608.894927    +0.000000 +0.4999890042 +0.5000109955 -0.5000109955 -0.4999890042 +0.00000 +0.00000 -0.00000    1000.000  1.78934 -0.0005816 +1.00202     +77.44
    19.3 +6378213.520    -3367.887       +0.000    -0.026781  +608.833040    +0.000000 +0.4999890031 +0.5000109967 -0.5000109967 -0.4999890031 +0.00000 +0.00000 -0.00000    1000.000  1.78915 -0.0005720 +1.00202     +77.41
    19.4 +6378213.520    -3307.007       +0.000    -0.026781  +608.771160    +0.000000 +0.4999890020 +0.5000109978 -0.5000109978 -0.4999890020 +0.00000 +0.00000 -0.00000    1000.000  1.78897 -0.0005625 +1.00202     +77.38
    19.5 +6378213.520    -3246.133       +0.000    -0.026781  +608.709286    +0.000000 +0.4999890009 +0.5000109989 -0.5000109989 -0.4999890009 +0.00000 +0.00000 -0.00000    1000.000  1.78879 -0.0005529 +1.00202     +77.35
    19.6 +6378213.520    -3185.265       +0.000    -0.026781  +608.647418    +0.000000 +0.4999889997 +0.5000110000 -0.5000110000 -0.4999889997 +0.00000 +0.00000 -0.00000    1000.000  1.78861 -0.0005434 +1.00202     +77.32
    19.7 +6378213.520    -3124.404       +0.000    -0.026781  +608.585557    +0.000000 +0.4999889986 +0.5000110011 -0.5000110011 -0.4999889986 +0.00000 +0.00000 -0.00000    1000.000  1.78843 -0.0005339 +1.70124     +77.29
    19.8 +6378213.557    -3063.548       +0.000    +1.346018  +608.520179    +0.000000 -0.5005526813 -0.4994467071 +0.4994467071 +0.5005526813 +0.00000 +0.00000 -1.37280    1000.000  1.78824 +0.0017316 +2.95075     +77.29
    19.9 +6378213.814    -3002.700       +0.000    +3.797211  +608.441257    +0.000000 -0.5015577640 -0.4984373676 +0.4984373676 +0.5015577640 +0.00000 +0.00000 -2.45119    1000.000  1.78804 +0.0057700 +3.50062     +77.52
    20.0 +6378214.310    -2942.469       +0.000    +6.223552  +608.349511    +0.000000 -0.5025509153 -0.4974360035 +0.4974360035 +0.5025509153 +0.00000 +0.00000 -2.42634    1000.000  1.78783 +0.0097685 +3.50062     +77.99
    20.1 +6378215.055    -2881.639       +0.000    +8.674003  +608.243088    +0.000000 -0.5035522070 -0.4964223755 +0.4964223755 +0.5035522070 +0.00000 +0.00000 -2.45045    1000.000  1.78760 +0.0138080 +3.50062     +78.71
    20.2 +6378216.045    -2820.821       +0.000   +11.123997  +608.122846    +0.000000 -0.5045516058 -0.4954065775 +0.4954065775 +0.5045516058 +0.00000 +0.00000 -2.44999    1000.000  1.78737 +0.0178481 +3.50062     +79.67
    20.3 +6378217.280    -2760.015       +0.000   +13.573478  +607.988785    +0.000000 -0.5055491198 -0.4943885997 +0.4943885997 +0.5055491198 +0.00000 +0.00000 -2.44948    1000.000  1.78712 +0.0218888 +3.50062     +80.88
    20.4 +6378218.760    -2699.223       +0.000   +16.022392  +607.840905    +0.000000 -0.5065447568 -0.4933684317 +0.4933684317 +0.5065447568 +0.00000 +0.00000 -2.44891    1000.000  1.78686 +0.0259302 +3.50062     +82.33
    20.5 +6378220.484    -2638.447       +0.000   +18.470681  +607.679207    +0.000000 -0.5075385246 -0.4923460633 +0.4923460633 +0.5075385246 +0.00000 +0.00000 -2.44829    1000.000  1.78659 +0.0299724 +3.50062     +84.03
    20.6 +6378222.454    -2577.688       +0.000   +20.918291  +607.503691    +0.000000 -0.5085304309 -0.4913214842 +0.4913214842 +0.5085304309 +0.00000 +0.00000 -2.44761    1000.000  1.78631 +0.0340155 +3.50063     +85.97
    20.7 +6378224.668    -2516.947       +0.000   +23.365165  +607.314356    +0.000000 -0.5095204834 -0.4902946839 +0.4902946839 +0.5095204834 +0.00000 +0.00000 -2.44687    1000.000  1.78601 +0.0380594 +3.50063     +88.16
    20.8 +6378227.127    -2456.226       +0.000   +25.811248  +607.111204    +0.000000 -0.5105086896 -0.4892656516 +0.4892656516 +0.5105086896 +0.00000 +0.00000 -2.44608    1000.000  1.78571 +0.0421042 +3.50063     +90.60
    20.9 +6378229.830    -2395.525       +0.000   +28.256483  +606.894235    +0.000000 -0.5114950569 -0.4882343769 +0.4882343769 +0.5114950569 +0.00000 +0.00000 -2.44524    1000.000  1.78539 +0.0461500 +3.50063     +93.28
    21.0 +6378232.778    -2334.847       +0.000   +30.700815  +606.663449    +0.000000 -0.5124795927 -0.4872008488 +0.4872008488 +0.5124795927 +0.00000 +0.00000 -2.44433    1000.000  1.78506 +0.0501968 +3.50063     +96.21
    21.1 +6378235.970    -2274.193       +0.000   +33.144188  +606.418848    +0.000000 -0.5134623042 -0.4861650565 +0.4861650565 +0.5134623042 +0.00000 +0.00000 -2.44337    1000.000  1.78472 +0.0542447 +3.50063     +99.38
    21.2 +6378239.407    -2213.564       +0.000   +35.586546  +606.160430    +0.000000 -0.5144431987 -0.4851269889 +0.4851269889 +0.5144431987 +0.00000 +0.00000 -2.44236    1000.000  1.78637 +0.0582938 +3.50063    +102.79
    21.3 +6378243.088    -2152.961       +0.000   +38.027832  +605.888198    +0.000000 -0.5154222831 -0.4840866349 +0.4840866349 +0.5154222831 +0.00000 +0.00000 -2.44129    1000.000  1.78600 +0.0623440 +3.50063    +106.45
    21.4 +6378247.012    -2092.387       +0.000   +40.467992  +605.602151    +0.000000 -0.5163995646 -0.4830439832 +0.4830439832 +0.5163995646 +0.00000 +0.00000 -2.44016    1000.000  1.78563 +0.0663955 +3.50063    +110.36
    21.5 +6378251.181    -2031.841       +0.000   +42.906967  +605.302291    +0.000000 -0.5173750498 -0.4819990226 +0.4819990226 +0.5173750498 +0.00000 +0.00000 -2.43898    1000.000  1.78524 +0.0704483 +3.50063    +114.50
    21.6 +6378255.594    -1971.327       +0.000   +45.344704  +604.988618    +0.000000 -0.5183487458 -0.4809517416 +0.4809517416 +0.5183487458 +0.00000 +0.00000 -2.43774    1000.000  1.78485 +0.0745024 +3.50063    +118.90
    21.7 +6378260.250    -1910.844       +0.000   +47.781144  +604.661133    +0.000000 -0.5193206592 -0.4799021285 +0.4799021285 +0.5193206592 +0.00000 +0.00000 -2.43644    1000.000  1.78444 +0.0785579 +3.50063    +123.54
    21.8 +6378265.150    -1850.395       +0.000   +50.216232  +604.319837    +0.000000 -0.5202907965 -0.4788501718 +0.4788501718 +0.5202907965 +0.00000 +0.00000 -2.43509    1000.000  1.78402 +0.0826149 +3.50063    +128.42
    21.9 +6378270.293    -1789.981       +0.000   +52.649912  +603.964731    +0.000000 -0.5212591644 -0.4777958597 +0.4777958597 +0.5212591644 +0.00000 +0.00000 -2.43368    1000.000  1.78358 +0.0866734 +3.50063    +133.54
    22.0 +6378275.680    -1729.603       +0.000   +55.082127  +603.595815    +0.000000 -0.5222257693 -0.4767391802 +0.4767391802 +0.5222257693 +0.00000 +0.00000 -2.43222    1000.000  1.78314 +0.0907334 +3.50063    +138.91
    22.1 +6378281.310    -1669.262       +0.000   +57.512821  +603.213091    +0.000000 -0.5231906175 -0.4756801213 +0.4756801213 +0.5231906175 +0.00000 +0.00000 -2.43069    1000.000  1.78268 +0.0947951 +3.50063    +144.53
    22.2 +6378287.182    -1608.960       +0.000   +59.941937  +602.816560    +0.000000 -0.5241537153 -0.4746186709 +0.4746186709 +0.5241537153 +0.00000 +0.00000 -2.42912    1000.000  1.78222 +0.0988584 +3.50063    +150.39
    22.3 +6378293.298    -1548.699       +0.000   +62.369419  +602.406222    +0.000000 -0.5251150688 -0.4735548168 +0.4735548168 +0.5251150688 +0.00000 +0.00000 -2.42748    1000.000  1.78174 +0.1029234 +3.50063    +156.49
    22.4 +6378299.656    -1488.480       +0.000   +64.795210  +601.982080    +0.000000 -0.5260746841 -0.4724885467 +0.4724885467 +0.5260746841 +0.00000 +0.00000 -2.42579    1000.000  1.78125 +0.1069903 +3.50063    +162.83
    22.5 +6378306.257    -1428.303       +0.000   +67.219254  +601.544134    +0.000000 -0.5270325672 -0.4714198480 +0.4714198480 +0.5270325672 +0.00000 +0.00000 -2.42404    1000.000  1.78074 +0.1110589 +3.50063    +169.42
    22.6 +6378313.100    -1368.171       +0.000   +69.641493  +601.092385    +0.000000 -0.5279887241 -0.4703487082 +0.4703487082 +0.5279887241 +0.00000 +0.00000 -2.42224    1000.000  1.78023 +0.1151295 +3.50063    +176.25
    22.7 +6378320.185    -1308.085       +0.000   +72.061871  +600.626835    +0.000000 -0.5289431604 -0.4692751145 +0.4692751145 +0.5289431604 +0.00000 +0.00000 -2.42038    1000.000  1.77971 +0.1192019 +3.50063    +183.32
    22.8 +6378327.512    -1248.046       +0.000   +74.480332  +600.147484    +0.000000 -0.5298958818 -0.4681990543 +0.4681990543 +0.5298958818 +0.00000 +0.00000 -2.41846    1000.000  1.77917 +0.1232764 +3.50063    +190.63
    22.9 +6378335.081    -1188.056       +0.000   +76.896817  +599.654336    +0.000000 -0.5308468941 -0.4671205145 +0.4671205145 +0.5308468941 +0.00000 +0.00000 -2.41649    1000.000  1.77862 +0.1273529 +3.50063    +198.19
    23.0 +6378342.892    -1128.116       +0.000   +79.311271  +599.147390    +0.000000 -0.5317962026 -0.4660394821 +0.4660394821 +0.5317962026 +0.00000 +0.00000 -2.41445    1000.000  1.78006 +0.1314315 +3.50062    +205.99
    23.1 +6378350.943    -1068.227       +0.000   +81.723636  +598.626649    +0.000000 -0.5327438129 -0.4649559439 +0.4649559439 +0.5327438129 +0.00000 +0.00000 -2.41236    1000.000  1.77948 +0.1355123 +3.50062    +214.03
    23.2 +6378359.236    -1008.391       +0.000   +84.133854  +598.092113    +0.000000 -0.5336897303 -0.4638698867 +0.4638698867 +0.5336897303 +0.00000 +0.00000 -2.41022    1000.000  1.77890 +0.1395953 +3.50062    +222.32
    23.3 +6378367.770     -948.609       +0.000   +86.541869  +597.543785    +0.000000 -0.5346339599 -0.4627812971 +0.4627812971 +0.5346339599 +0.00000 +0.00000 -2.40802    1000.000  1.77831 +0.1436805 +3.50062    +230.84
    23.4 +6378376.545     -888.883       +0.000   +88.947624  +596.981667    +0.000000 -0.5355765070 -0.4616901615 +0.4616901615 +0.5355765070 +0.00000 +0.00000 -2.40575    1000.000  1.77770 +0.1477681 +3.50062    +239.61
    23.5 +6378385.560     -829.213       +0.000   +91.351060  +596.405759    +0.000000 -0.5365173765 -0.4605964662 +0.4605964662 +0.5365173765 +0.00000 +0.00000 -2.40344    1000.000  1.77708 +0.1518581 +3.50062    +248.61
    23.6 +6378394.815     -769.602       +0.000   +93.752121  +595.816065    +0.000000 -0.5374565735 -0.4595001976 +0.4595001976 +0.5374565735 +0.00000 +0.00000 -2.40106    1000.000  1.77645 +0.1559504 +3.50062    +257.86
    23.7 +6378404.310     -710.051       +0.000   +96.150748  +595.212585    +0.000000 -0.5383941027 -0.4584013418 +0.4584013418 +0.5383941027 +0.00000 +0.00000 -2.39863    1000.000  1.77581 +0.1600453 +3.50061    +267.35
    23.8 +6378414.045     -650.560       +0.000   +98.546884  +594.595321    +0.000000 -0.5393299690 -0.4572998846 +0.4572998846 +0.5393299690 +0.00000 +0.00000 -2.39614    1000.000  1.77516 +0.1641427 +3.50061    +277.08
    23.9 +6378424.120     -590.538       +0.000  +100.964394  +593.957896    +0.000000 -0.5402735108 -0.4561847581 +0.4561847581 +0.5402735108 +0.00000 +0.00000 -2.41751    1000.000  1.77449 +0.1682837 +3.50061    +287.15
    24.0 +6378434.336     -531.174       +0.000  +103.355349  +593.312934    +0.000000 -0.5412060486 -0.4550780296 +0.4550780296 +0.5412060486 +0.00000 +0.00000 -2.39095    1000.000  1.77381 +0.1723864 +3.50061    +297.36
    24.1 +6378444.791     -471.876       +0.000  +105.743638  +592.654194    +0.000000 -0.5421369372 -0.4539686568 +0.4539686568 +0.5421369372 +0.00000 +0.00000 -2.38829    1000.000  1.77512 +0.1764918 +3.50061    +307.81
    24.2 +6378455.485     -412.644       +0.000  +108.129204  +591.981679    +0.000000 -0.5430661809 -0.4528566254 +0.4528566254 +0.5430661809 +0.00000 +0.00000 -2.38557    1000.000  1.77442 +0.1806000 +3.50061    +318.50
    24.3 +6378466.417     -353.480       +0.000  +110.511989  +591.295391    +0.000000 -0.5439937842 -0.4517419206 +0.4517419206 +0.5439937842 +0.00000 +0.00000 -2.38278    1000.000  1.77371 +0.1847110 +3.50060    +329.43
    24.4 +6378477.587     -294.385       +0.000  +112.891934  +590.595332    +0.000000 -0.5449197510 -0.4506245277 +0.4506245277 +0.5449197510 +0.00000 +0.00000 -2.37994    1000.000  1.77298 +0.1888249 +3.50060    +340.59
    24.5 +6378488.995     -235.361       +0.000  +115.268981  +589.881505    +0.000000 -0.5458440856 -0.4495044318 +0.4495044318 +0.5458440856 +0.00000 +0.00000 -2.37705    1000.000  1.77225 +0.1929417 +3.50060    +352.00
    24.6 +6378500.641     -176.409       +0.000  +117.643071  +589.153912    +0.000000 -0.5467667919 -0.4483816179 +0.4483816179 +0.5467667919 +0.00000 +0.00000 -2.37409    1000.000  1.77150 +0.1970615 +3.50060    +363.64
    24.7 +6378512.524     -117.531       +0.000  +120.014146  +588.412555    +0.000000 -0.5476878737 -0.4472560709 +0.4472560709 +0.5476878737 +0.00000 +0.00000 -2.37107    1000.000  1.77075 +0.2011844 +3.50059    +375.52
    24.8 +6378524.644      -58.727       +0.000  +122.382146  +587.657437    +0.000000 -0.5486073350 -0.4461277754 +0.4461277754 +0.5486073350 +0.00000 +0.00000 -2.36800    1000.000  1.76998 +0.2053104 +3.50059    +387.64
    24.9 +6378537.000       +0.000       +0.000  +124.747014  +586.888560    +0.000000 -0.5495251793 -0.4449967161 +0.4449967161 +0.5495251793 +0.00000 +0.00000 -2.36487    1000.000  1.77119 +0.2094395 +3.50060    +400.00
    24.9 +6378537.000       +0.000       +0.000  +124.747014  +586.888560    +0.000000 -0.5495251793 -0.4449967161 +0.4449967161 +0.5495251793 +0.00000 +0.00000 +0.00000    1000.000  1.77119 +0.2094395 +0.31481    +400.00    +0.000000 +7390.831868
    25.0 +6378549.680      +59.877       -0.000  +123.863665  +587.180952    -0.000000 -0.5495512120 -0.4449645664 +0.4449645664 +0.5495512120 +0.00000 +0.00305 +0.00000     999.937  1.77150 +0.2079078 +0.32741    +412.68    +0.091853 +7395.577548
    25.1 +6378561.905     +118.021       -0.000  +123.104282  +587.444140    -0.000000 -0.5496591022 -0.4448312842 +0.4448312842 +0.5496591022 +0.00000 +0.00684 +0.00000     999.876  1.77180 +0.2065884 +0.37682    +424.91    +0.088698 +7400.387091
    25.2 +6378574.060     +176.190       -0.000  +122.452929  +587.684370    -0.000000 -0.5498487551 -0.4445968361 +0.4445968361 +0.5498487551 +0.00000 +0.01048 +0.00000     999.815  1.77210 +0.2054535 +0.45612    +437.06    +0.085665 +7405.229563
    25.3 +6378586.522     +236.145       -0.000  +121.904981  +587.905269    -0.000000 -0.5501261114 -0.4442536007 +0.4442536007 +0.5501261114 +0.00000 +0.01408 +0.00000     999.752  1.77241 +0.2044944 +0.55668    +449.53    +0.082396 +7410.211054
    25.4 +6378598.570     +294.356       -0.000  +121.500783  +588.091514    -0.000000 -0.5504714440 -0.4438256299 +0.4438256299 +0.5504714440 +0.00000 +0.01742 +0.00000     999.691  1.77271 +0.2037815 +0.67519    +461.58    +0.079610 +7414.991193
    25.5 +6378610.584     +352.585       -0.000  +121.228751  +588.247883    -0.000000 -0.5508884642 -0.4433079071 +0.4433079071 +0.5508884642 +0.00000 +0.02064 +0.00000     999.630  1.77300 +0.2032944 +0.80561    +473.59    +0.076936 +7419.665530
    25.6 +6378622.942     +412.593       -0.000  +121.091985  +588.375639    -0.000000 -0.5513897014 -0.4426843094 +0.4426843094 +0.5513897014 +0.00000 +0.02381 +0.00000     999.567  1.77329 +0.2030379 +0.94238    +485.96    +0.074060 +7424.312532
    25.7 +6378634.929     +470.847       -0.000  +121.102385  +588.465329    -0.000000 -0.5519424377 -0.4419949617 +0.4419949617 +0.5519424377 +0.00000 +0.02675 +0.00000     999.506  1.77356 +0.2030339 +1.08324    +497.95    +0.071614 +7428.599430
    25.8 +6378646.924     +529.108       -0.000  +121.248526  +588.521564    -0.000000 -0.5525573080 -0.4412260446 +0.4412260446 +0.5525573080 +0.00000 +0.02957 +0.00000     999.445  1.77582 +0.2032624 +1.22716    +509.95    +0.069938 +7395.019862
    25.9 +6378659.305     +589.139       -0.000  +121.548931  +588.541054    +0.000000 -0.5532526533 -0.4403538382 +0.4403538382 +0.5532526533 +0.00000 +0.03235 +0.00000     999.383  1.77605 +0.2037548 +1.37544    +522.33    +0.067396 +7398.802548
    26.0 +6378671.358     +647.403       -0.000  +121.988517  +588.520487    +0.000000 -0.5539845706 -0.4394326989 +0.4394326989 +0.5539845706 +0.00000 +0.03493 +0.00000     999.322  1.77626 +0.2044871 +1.53081    +534.39    +0.065237 +7402.069787
    26.1 +6378683.830     +707.430       -0.000  +122.593989  +588.456917    +0.000000 -0.5547943783 -0.4384098532 +0.4384098532 +0.5547943783 +0.00000 +0.03747 +0.00000     999.259  1.77644 +0.2055043 +1.68230    +546.87    +0.063171 +7404.956783
    26.2 +6378696.001     +765.682       -0.000  +123.329088  +588.352516    +0.000000 -0.5556316044 -0.4373482845 +0.4373482845 +0.5556316044 +0.00000 +0.03983 +0.00000     999.199  1.77659 +0.2067460 +1.83597    +559.05    +0.060957 +7407.235113
    26.3 +6378708.251     +823.923       -0.000  +124.208178  +588.204569    +0.000000 -0.5565165928 -0.4362215996 +0.4362215996 +0.5565165928 +0.00000 +0.04208 +0.00000     999.138  1.77670 +0.2082368 +1.98882    +571.30    +0.059080 +7408.942098
    26.4 +6378720.972     +883.910       +0.000  +125.262646  +588.005105    +0.000000 -0.5574756114 -0.4349953389 +0.4349953389 +0.5574756114 +0.00000 +0.04430 +0.00000     999.075  1.77677 +0.2100309 +2.13801    +584.03    +0.057286 +7410.048226
    26.5 +6378733.427     +942.111       +0.000  +126.428180  +587.764477    +0.000000 -0.5584496734 -0.4337441236 +0.4337441236 +0.5584496734 +0.00000 +0.04635 +0.00000     999.015  1.77680 +0.2120195 +2.28004    +596.50    +0.055365 +7410.438282
    26.6 +6378746.005    +1000.287       +0.000  +127.716774  +587.480288    +0.000000 -0.5594638959 -0.4324351417 +0.4324351417 +0.5594638959 +0.00000 +0.04831 +0.00000     998.954  1.77879 +0.2142235 +2.41665    +609.08    +0.054258 +7372.516935
    26.7 +6378759.103    +1060.193       +0.000  +129.179082  +587.138139    +0.000000 -0.5605484391 -0.4310283636 +0.4310283636 +0.5605484391 +0.00000 +0.05024 +0.00000     998.892  1.77873 +0.2167306 +2.55637    +622.19    +0.052690 +7371.452456
    26.8 +6378771.965    +1118.302       +0.000  +130.731997  +586.755195    +0.000000 -0.5616371987 -0.4296087291 +0.4296087291 +0.5616371987 +0.00000 +0.05203 +0.00000     998.832  1.77862 +0.2193996 +2.69857    +635.06    +0.051010 +7369.609447
    26.9 +6378784.987    +1176.370       +0.000  +132.412950  +586.321053    +0.000000 -0.5627593372 -0.4281377484 +0.4281377484 +0.5627593372 +0.00000 +0.05373 +0.00000     998.772  1.77846 +0.2222953 +2.83744    +648.10    +0.049592 +7366.933804
    27.0 +6378798.584    +1236.151       +0.000  +134.274780  +585.819130    +0.000000 -0.5639481826 -0.4265705695 +0.4265705695 +0.5639481826 +0.00000 +0.05540 +0.00000     998.709  1.77824 +0.2255104 +2.97085    +661.70    +0.048241 +7363.273911
    27.1 +6378811.969    +1294.121       +0.000  +136.203932  +585.277975    +0.000000 -0.5651317427 -0.4250013142 +0.4250013142 +0.5651317427 +0.00000 +0.05695 +0.00000     998.649  1.77796 +0.2288499 +3.10267    +675.10    +0.046795 +7358.817698
    27.2 +6378825.551    +1352.036       +0.000  +138.249225  +584.682741    +0.000000 -0.5663425918 -0.4233864340 +0.4233864340 +0.5663425918 +0.00000 +0.05842 +0.00000     998.589  1.77763 +0.2323992 +3.22783    +688.69    +0.045575 +7353.447937
    27.3 +6378839.761    +1411.640       +0.000  +140.468220  +584.013784    +0.000000 -0.5676167204 -0.4216767277 +0.4216767277 +0.5676167204 +0.00000 +0.05987 +0.00000     998.527  1.77925 +0.2362599 +3.33510    +702.92    +0.044846 +7309.519411
    27.4 +6378853.774    +1469.425       +0.000  +142.708090  +583.315642    +0.000000 -0.5688774115 -0.4199743980 +0.4199743980 +0.5688774115 +0.00000 +0.06121 +0.00000     998.468  1.77881 +0.2401673 +3.44351    +716.94    +0.043587 +7302.388521
    27.5 +6378868.014    +1527.137       +0.000  +145.052828  +582.560821    +0.000000 -0.5701600991 -0.4182313544 +0.4182313544 +0.5701600991 +0.00000 +0.06248 +0.00000     998.408  1.77830 +0.2442689 +3.56133    +731.20    +0.042529 +7294.292895
    27.6 +6378882.933    +1586.518       +0.000  +147.573585  +581.723222    +0.000000 -0.5715029356 -0.4163945234 +0.4163945234 +0.5715029356 +0.00000 +0.06373 +0.00000     998.347  1.77772 +0.2486912 +3.67335    +746.13    +0.041523 +7284.933254
    27.7 +6378897.664    +1644.067       +0.000  +150.117490  +580.851584    +0.000000 -0.5728253275 -0.4145734541 +0.4145734541 +0.5728253275 +0.00000 +0.06489 +0.00000     998.287  1.77709 +0.2531676 +3.78296    +760.88    +0.040445 +7274.854027
    27.8 +6378912.652    +1701.527       +0.000  +152.752715  +579.921688    +0.000000 -0.5741649759 -0.4127161074 +0.4127161074 +0.5741649759 +0.00000 +0.06599 +0.00000     998.227  1.77640 +0.2578190 +3.88686    +775.88    +0.039541 +7263.791719
    27.9 +6378927.904    +1758.892       +0.000  +155.474811  +578.933149    +0.000000 -0.5755204529 -0.4108238227 +0.4108238227 +0.5755204529 +0.00000 +0.06704 +0.00000     998.168  1.77565 +0.2626393 +3.97971    +791.15    +0.038681 +7251.746049
    28.0 +6378943.905    +1817.891       +0.000  +158.349805  +577.858896    +0.000000 -0.5769321268 -0.4088389980 +0.4088389980 +0.5769321268 +0.00000 +0.06807 +0.00000     998.107  1.77682 +0.2677478 +4.05779    +807.16    +0.038127 +7201.386811
    28.1 +6378959.718    +1875.047       +0.000  +161.201811  +576.762900    +0.000000 -0.5783157003 -0.4068795352 +0.4068795352 +0.5783157003 +0.00000 +0.06902 +0.00000     998.048  1.77595 +0.2728334 +4.14255    +822.99    +0.037345 +7187.576329
    28.2 +6378975.817    +1932.091       +0.000  +164.129787  +575.606829    +0.000000 -0.5797112512 -0.4048887141 +0.4048887141 +0.5797112512 +0.00000 +0.06992 +0.00000     997.989  1.77501 +0.2780735 +4.23433    +839.11    +0.036602 +7172.784512
    28.3 +6378992.710    +1990.741       +0.000  +167.221293  +574.352774    +0.000000 -0.5811603572 -0.4028059643 +0.4028059643 +0.5811603572 +0.00000 +0.07081 +0.00000     997.929  1.77398 +0.2836275 +4.32079    +856.02    +0.035808 +7156.527395
    28.4 +6379009.412    +2047.541       +0.000  +170.290043  +573.074449    +0.000000 -0.5825766101 -0.4007549115 +0.4007549115 +0.5825766101 +0.00000 +0.07163 +0.00000     997.870  1.77292 +0.2891626 +4.40464    +872.74    +0.035143 +7139.772191
    28.5 +6379026.420    +2104.212       +0.000  +173.421671  +571.735880    +0.000000 -0.5840013905 -0.3986757852 +0.3986757852 +0.5840013905 +0.00000 +0.07241 +0.00000     997.812  1.77179 +0.2948341 +4.47563    +889.77    +0.034514 +7122.067697
    28.6 +6379044.271    +2162.458       +0.000  +176.693322  +570.300710    +0.000000 -0.5854771829 -0.3965053270 +0.3965053270 +0.5854771829 +0.00000 +0.07317 +0.00000     997.752  1.77258 +0.3007848 +4.53073    +907.64    +0.034167 +7066.534519
    28.7 +6379061.918    +2218.849       +0.000  +179.903763  +568.855653    +0.000000 -0.5869162524 -0.3943720563 +0.3943720563 +0.5869162524 +0.00000 +0.07388 +0.00000     997.694  1.77134 +0.3066505 +4.59318    +925.30    +0.033595 +7047.230955
    28.8 +6379079.884    +2275.094       +0.000  +183.167650  +567.349734    +0.000000 -0.5883609756 -0.3922134223 +0.3922134223 +0.5883609756 +0.00000 +0.07455 +0.00000     997.636  1.77004 +0.3126408 +4.66508    +943.29    +0.033052 +7027.004836
    28.9 +6379098.736    +2332.885       +0.000  +186.582075  +565.734774    +0.000000 -0.5898544406 -0.3899637743 +0.3899637743 +0.5898544406 +0.00000 +0.07521 +0.00000     997.576  1.76863 +0.3189373 +4.73232    +962.16    +0.032472 +7005.219606
    29.0 +6379117.369    +2388.815       +0.000  +189.942169  +564.106056    +0.000000 -0.5913079194 -0.3877563036 +0.3877563036 +0.5913079194 +0.00000 +0.07582 +0.00000     997.518  1.76720 +0.3251642 +4.79706    +980.82    +0.031989 +6983.175761
    29.1 +6379136.336    +2444.581       +0.000  +193.343831  +562.417317    +0.000000 -0.5927644578 -0.3855260097 +0.3855260097 +0.5927644578 +0.00000 +0.07640 +0.00000     997.461  1.76571 +0.3314998 +4.83616    +999.80    +0.031533 +6960.265397
    29.2 +6379156.230    +2501.859       +0.000  +196.848672  +560.633856    +0.000000 -0.5942675713 -0.3832049848 +0.3832049848 +0.5942675713 +0.00000 +0.07697 +0.00000     997.402  1.76614 +0.3380627 +4.87283   +1019.72    +0.031342 +6900.369046
    29.3 +6379175.883    +2557.277       +0.000  +200.287250  +558.842032    +0.000000 -0.5957281523 -0.3809304074 +0.3809304074 +0.5957281523 +0.00000 +0.07750 +0.00000     997.345  1.76454 +0.3445366 +4.93035   +1039.40    +0.030928 +6876.080509
    29.4 +6379195.878    +2612.514       +0.000  +203.759569  +556.990218    +0.000000 -0.5971896686 -0.3786350573 +0.3786350573 +0.5971896686 +0.00000 +0.07800 +0.00000     997.288  1.76288 +0.3511100 +4.98519   +1059.41    +0.030537 +6850.963700
    29.5 +6379216.840    +2669.230       +0.000  +207.368647  +555.020080    +0.000000 -0.5986957406 -0.3762491423 +0.3762491423 +0.5986957406 +0.00000 +0.07849 +0.00000     997.230  1.76111 +0.3579819 +5.03535   +1080.40    +0.030118 +6824.242740
    29.6 +6379237.538    +2724.082       +0.000  +210.897394  +553.048726    +0.000000 -0.6001571217 -0.3739136748 +0.3739136748 +0.6001571217 +0.00000 +0.07894 +0.00000     997.173  1.76135 +0.3647409 +5.06044   +1101.12    +0.029773 +6762.524104
    29.7 +6379258.586    +2778.738       +0.000  +214.410335  +551.039653    +0.000000 -0.6016175604 -0.3715593063 +0.3715593063 +0.6016175604 +0.00000 +0.07938 +0.00000     997.117  1.75954 +0.3715115 +5.08521   +1122.19    +0.029729 +6735.414781
    29.8 +6379280.636    +2834.839       +0.000  +218.054358  +548.907767    +0.000000 -0.6031207210 -0.3691143496 +0.3691143496 +0.6031207210 +0.00000 +0.07980 +0.00000     997.060  1.75760 +0.3785790 +5.13099   +1144.27    +0.029370 +6706.681747
    29.9 +6379302.394    +2889.079       +0.000  +221.611714  +546.779162    +0.000000 -0.6045776098 -0.3667232213 +0.3667232213 +0.6045776098 +0.00000 +0.08020 +0.00000     997.004  1.75567 +0.3855232 +5.17449   +1166.05    +0.029076 +6678.039527
    30.0 +6379324.505    +2943.106       +0.000  +225.186069  +544.592721    +0.000000 -0.6060319341 -0.3643148393 +0.3643148393 +0.6060319341 +0.00000 +0.08057 +0.00000     996.948  1.75368 +0.3925465 +5.20323   +1188.18    +0.028800 +6648.678066
    30.1 +6379347.656    +2998.541       +0.000  +228.862971  +542.291921    +0.000000 -0.6075271298 -0.3618159669 +0.3618159669 +0.6075271298 +0.00000 +0.08094 +0.00000     996.891  1.75360 +0.3998216 +5.21756   +1211.36    +0.028779 +6583.686016
    30.2 +6379370.484    +3052.119       +0.000  +232.423337  +540.013025    +0.000000 -0.6089748472 -0.3593739596 +0.3593739596 +0.6089748472 +0.00000 +0.08128 +0.00000     996.837  1.75152 +0.4069167 +5.24293   +1234.21    +0.028529 +6553.333871
    30.3 +6379393.665    +3105.469       +0.000  +235.995219  +537.676880    +0.000000 -0.6104186690 -0.3569160350 +0.3569160350 +0.6104186690 +0.00000 +0.08161 +0.00000     996.782  1.74938 +0.4140855 +5.27942   +1257.42    +0.028295 +6522.301954
    30.4 +6379417.920    +3160.190       +0.000  +239.684284  +535.210933    +0.000000 -0.6119017047 -0.3543674807 +0.3543674807 +0.6119017047 +0.00000 +0.08193 +0.00000     996.725  1.74712 +0.4215445 +5.30740   +1281.70    +0.028042 +6489.644288
    30.5 +6379441.820    +3213.059       +0.000  +243.261645  +532.766666    +0.000000 -0.6133362929 -0.3518786714 +0.3518786714 +0.6133362929 +0.00000 +0.08222 +0.00000     996.671  1.74689 +0.4288332 +5.31426   +1305.63    +0.028112 +6423.984701
    30.6 +6379466.074    +3265.684       +0.000  +246.810788  +530.287269    +0.000000 -0.6147658043 -0.3493751758 +0.3493751758 +0.6147658043 +0.00000 +0.08251 +0.00000     996.617  1.74461 +0.4361218 +5.32624   +1329.91    +0.027914 +6391.468588
    30.7 +6379491.429    +3319.645       +0.000  +250.471555  +527.674511    +0.000000 -0.6162329644 -0.3467808260 +0.3467808260 +0.6162329644 +0.00000 +0.08279 +0.00000     996.562  1.74221 +0.4436999 +5.35630   +1355.29    +0.027700 +6357.321288
    30.8 +6379516.397    +3371.760       +0.000  +254.025828  +525.083041    +0.000000 -0.6176510945 -0.3442486502 +0.3442486502 +0.6176510945 +0.00000 +0.08305 +0.00000     996.508  1.73982 +0.4511179 +5.37885   +1380.29    +0.027530 +6323.576487
    30.9 +6379541.716    +3423.617       +0.000  +257.569709  +522.443748    +0.000000 -0.6190630869 -0.3417029444 +0.3417029444 +0.6190630869 +0.00000 +0.08330 +0.00000     996.455  1.73939 +0.4585762 +5.37952   +1405.63    +0.027642 +6256.749067
    31.0 +6379568.167    +3476.771       +0.000  +261.184979  +519.690769    +0.000000 -0.6205111820 -0.3390661894 +0.3390661894 +0.6205111820 +0.00000 +0.08354 +0.00000     996.400  1.73685 +0.4662526 +5.38574   +1432.11    +0.027461 +6221.285440
    31.1 +6379594.192    +3528.090       +0.000  +264.691039  +516.964115    +0.000000 -0.6219099114 -0.3364937889 +0.3364937889 +0.6219099114 +0.00000 +0.08377 +0.00000     996.347  1.73433 +0.4737628 +5.41109   +1458.17    +0.027320 +6186.299736
    31.2 +6379620.565    +3579.136       +0.000  +268.191744  +514.184663    +0.000000 -0.6233016583 -0.3339087460 +0.3339087460 +0.6233016583 +0.00000 +0.08399 +0.00000     996.295  1.73176 +0.4813283 +5.42321   +1484.57    +0.027190 +6150.781779
    31.3 +6379648.098    +3631.439       +0.000  +271.772925  +511.279383    +0.000000 -0.6247279798 -0.3312324851 +0.3312324851 +0.6247279798 +0.00000 +0.08420 +0.00000     996.241  1.73107 +0.4891407 +5.41954   +1512.13    +0.027313 +6082.055529
    31.4 +6379675.169    +3681.919       +0.000  +275.216890  +508.423927    +0.000000 -0.6261047798 -0.3286225992 +0.3286225992 +0.6261047798 +0.00000 +0.08441 +0.00000     996.189  1.72842 +0.4967270 +5.42632   +1539.23    +0.027196 +6045.981807
    31.5 +6379702.581    +3732.114       +0.000  +278.652048  +505.516710    +0.000000 -0.6274738727 -0.3260008392 +0.3260008392 +0.6274738727 +0.00000 +0.08460 +0.00000     996.138  1.72572 +0.5043661 +5.44709   +1566.67    +0.027090 +6009.410408
    31.6 +6379731.178    +3783.526       +0.000  +282.179674  +502.468417    +0.000000 -0.6288761211 -0.3232875383 +0.3232875383 +0.6288761211 +0.00000 +0.08479 +0.00000     996.084  1.72289 +0.5122886 +5.44464   +1595.30    +0.026974 +5971.235284
    31.7 +6379759.276    +3833.128       +0.000  +285.557406  +499.484510    +0.000000 -0.6302288258 -0.3206425350 +0.3206425350 +0.6302288258 +0.00000 +0.08497 +0.00000     996.033  1.72210 +0.5199547 +5.43702   +1623.43    +0.027149 +5903.116011
    31.8 +6379787.708    +3882.432       +0.000  +288.915647  +496.455706    +0.000000 -0.6315731939 -0.3179863344 +0.3179863344 +0.6315731939 +0.00000 +0.08514 +0.00000     995.983  1.71928 +0.5276551 +5.45095   +1651.89    +0.027063 +5865.627782
    31.9 +6379817.348    +3932.914       +0.000  +292.360865  +493.283368    +0.000000 -0.6329493417 -0.3152382259 +0.3152382259 +0.6329493417 +0.00000 +0.08531 +0.00000     995.931  1.71632 +0.5356387 +5.45799   +1681.56    +0.026970 +5826.542864
    32.0 +6379846.451    +3981.599       +0.000  +295.673745  +490.167084    +0.000000 -0.6342761028 -0.3125601280 +0.3125601280 +0.6342761028 +0.00000 +0.08547 +0.00000     995.880  1.71540 +0.5434006 +5.44764   +1710.69    +0.027168 +5758.153293
    32.1 +6379875.880    +4029.975       +0.000  +298.945345  +487.022708    +0.000000 -0.6355939576 -0.3098714723 +0.3098714723 +0.6355939576 +0.00000 +0.08563 +0.00000     995.831  1.71245 +0.5511526 +5.44722   +1740.15    +0.027101 +5719.873411
    32.2 +6379906.539    +4079.489       +0.000  +302.298428  +483.732585    +0.000000 -0.6369422430 -0.3070905198 +0.3070905198 +0.6369422430 +0.00000 +0.08578 +0.00000     995.779  1.70936 +0.5591875 +5.46129   +1770.84    +0.027027 +5680.006451
    32.3 +6379936.622    +4127.223       +0.000  +305.532491  +480.492531    +0.000000 -0.6382414484 -0.3043811129 +0.3043811129 +0.6382414484 +0.00000 +0.08592 +0.00000     995.730  1.70831 +0.5670272 +5.44868   +1800.96    +0.026977 +5611.510323
    32.4 +6379967.022    +4174.636       +0.000  +308.709080  +477.238470    +0.000000 -0.6395312369 -0.3016617399 +0.3016617399 +0.6395312369 +0.00000 +0.08606 +0.00000     995.681  1.70524 +0.5748229 +5.43713   +1831.39    +0.027195 +5572.554325
    32.5 +6379998.671    +4223.147       +0.000  +311.961649  +473.836697    +0.000000 -0.6408501275 -0.2988496653 +0.2988496653 +0.6408501275 +0.00000 +0.08620 +0.00000     995.631  1.70203 +0.5829013 +5.45052   +1863.07    +0.027138 +5532.023432
    32.6 +6380029.706    +4269.896       +0.000  +315.096881  +470.488627    +0.000000 -0.6421203575 -0.2961105451 +0.2961105451 +0.6421203575 +0.00000 +0.08633 +0.00000     995.582  1.69888 +0.5907845 +5.44169   +1894.14    +0.027104 +5492.325324
    32.7 +6380061.049    +4316.313       +0.000  +318.179481  +467.123160    +0.000000 -0.6433807267 -0.2933619760 +0.2933619760 +0.6433807267 +0.00000 +0.08645 +0.00000     995.534  1.69767 +0.5986370 +5.42730   +1925.51    +0.027341 +5424.045939
    32.8 +6380093.660    +4363.786       +0.000  +321.324254  +463.615802    +0.000000 -0.6446688805 -0.2905202970 +0.2905202970 +0.6446688805 +0.00000 +0.08658 +0.00000     995.485  1.69434 +0.6067526 +5.43368   +1958.15    +0.027299 +5382.961368
    32.9 +6380125.616    +4409.519       +0.000  +324.352588  +460.166699    +0.000000 -0.6459088844 -0.2877528827 +0.2877528827 +0.6459088844 +0.00000 +0.08670 +0.00000     995.437  1.69107 +0.6146707 +5.42661   +1990.14    +0.027279 +5342.756687
    33.0 +6380157.871    +4454.909       +0.000  +327.331178  +456.698290    +0.000000 -0.6471386460 -0.2849764575 +0.2849764575 +0.6471386460 +0.00000 +0.08682 +0.00000     995.390  1.68973 +0.6225670 +5.98963   +2022.43    +0.027532 +5274.710088
    33.1 +6380191.409    +4501.314       +0.000  +331.288052  +452.416315    +0.000000 -0.6483948846 -0.2821065084 +0.2821065084 +0.6483948846 +0.00000 +0.08676 +0.00000     995.342  1.68629 +0.6327584 +5.94658   +2056.00    +0.027504 +5233.173569
    33.2 +6380224.343    +4545.937       +0.000  +334.142261  +448.934775    +0.000000 -0.6496013482 -0.2793171976 +0.2793171976 +0.6496013482 +0.00000 +0.08689 +0.00000     995.295  1.68298 +0.6405558 +5.31753   +2088.96    +0.027668 +5193.406542
    33.3 +6380257.559    +4590.213       +0.000  +336.950931  +445.431639    +0.000000 -0.6507974618 -0.2765188460 +0.2765188460 +0.6507974618 +0.00000 +0.08700 +0.00000     995.249  1.68159 +0.6483417 +5.85197   +2122.21    +0.026927 +5126.474793
    33.4 +6380292.114    +4635.433       +0.000  +340.672637  +441.138104    +0.000000 -0.6520174136 -0.2736298611 +0.2736298611 +0.6520174136 +0.00000 +0.08692 +0.00000     995.202  1.67813 +0.6583215 +5.81675   +2156.80    +0.026372 +5085.724779
    33.5 +6380325.971    +4678.937       +0.000  +343.368369  +437.615039    +0.000000 -0.6531892056 -0.2708207343 +0.2708207343 +0.6531892056 +0.00000 +0.08699 +0.00000     995.156  1.67475 +0.6660353 +5.78052   +2190.69    +0.025668 +5046.182216
    33.6 +6380360.118    +4722.071       +0.000  +346.866274  +433.404751    +0.000000 -0.6543488507 -0.2680066978 +0.2680066978 +0.6543488507 +0.00000 +0.08684 +0.00000     995.111  1.67333 +0.6756815 +5.72290   +2224.86    +0.023651 +4980.483406
    33.7 +6380395.629    +4766.099       +0.000  +349.510718  +429.777189    +0.000000 -0.6555293902 -0.2651060677 +0.2651060677 +0.6555293902 +0.00000 +0.08683 +0.00000     995.064  1.66983 +0.6835073 +5.68849   +2260.41    +0.023007 +4940.283014
    33.8 +6380430.383    +4808.451       +0.000  +352.883871  +425.536124    +0.000000 -0.6566618216 -0.2622885063 +0.2622885063 +0.6566618216 +0.00000 +0.08664 +0.00000     995.020  1.66641 +0.6930884 +5.65518   +2295.19    +0.022587 +4901.190035
    33.9 +6380465.436    +4850.410       +0.000  +355.332078  +422.010553    +0.000000 -0.6577801614 -0.2594711307 +0.2594711307 +0.6577801614 +0.00000 +0.08655 +0.00000     994.975  1.66495 +0.7005904 +5.58854   +2330.28    +0.020436 +4836.864169
    34.0 +6380501.845    +4893.239       +0.000  +358.624051  +417.668949    +0.000000 -0.6589173833 -0.2565694650 +0.2565694650 +0.6589173833 +0.00000 +0.08629 +0.00000     994.930  1.66141 +0.7102512 +5.56701   +2366.72    +0.020083 +4797.154002
    34.1 +6380537.462    +4934.418       +0.000  +360.979354  +414.112201    +0.000000 -0.6600065172 -0.2537546168 +0.2537546168 +0.6600065172 +0.00000 +0.08617 +0.00000     994.886  1.65991 +0.7177282 +5.51651   +2402.37    +0.017932 +4733.553462
    34.2 +6380573.366    +4975.195       +0.000  +364.046810  +409.890071    +0.000000 -0.6610803784 -0.2509437020 +0.2509437020 +0.6610803784 +0.00000 +0.08584 +0.00000     994.843  1.65646 +0.7270132 +5.99829   +2438.31    +0.017648 +4695.588033
    34.3 +6380610.618    +5016.819       +0.000  +367.134275  +405.523190    +0.000000 -0.6621713114 -0.2480507258 +0.2480507258 +0.6621713114 +0.00000 +0.08549 +0.00000     994.798  1.65287 +0.7365410 +5.43403   +2475.59    +0.017383 +4656.313291
    34.4 +6380647.069    +5056.796       +0.000  +369.303589  +401.984457    +0.000000 -0.6632139473 -0.2452494002 +0.2452494002 +0.6632139473 +0.00000 +0.08529 +0.00000     994.755  1.65134 +0.7438442 +5.38232   +2512.07    +0.015284 +4594.190554
    34.5 +6380683.762    +5096.395       +0.000  +372.174105  +397.745557    +0.000000 -0.6642412454 -0.2424532451 +0.2424532451 +0.6642412454 +0.00000 +0.08489 +0.00000     994.713  1.64785 +0.7529959 +5.34570   +2548.80    +0.015076 +4556.684480
    34.6 +6380721.829    +5136.784       +0.000  +374.307705  +394.085813    +0.000000 -0.6652831391 -0.2395795335 +0.2395795335 +0.6652831391 +0.00000 +0.08463 +0.00000     994.669  1.64423 +0.7604693 +5.30135   +2586.90    +0.014695 +4518.048808
    34.7 +6380759.040    +5175.573       +0.000  +377.049311  +389.850242    +0.000000 -0.6662779560 -0.2367988457 +0.2367988457 +0.6662779560 +0.00000 +0.08419 +0.00000     994.627  1.64267 +0.7695190 +5.78166   +2624.14    +0.012848 +4457.246065
    34.8 +6380796.478    +5213.984       +0.000  +379.725068  +385.607200    +0.000000 -0.6672569172 -0.2340260975 +0.2340260975 +0.6672569172 +0.00000 +0.08373 +0.00000     994.586  1.63914 +0.7785297 +5.22227   +2661.61    +0.012704 +4420.277854
    34.9 +6380835.307    +5253.136       +0.000  +381.688851  +381.958819    +0.000000 -0.6682483930 -0.2311797853 +0.2311797853 +0.6682483930 +0.00000 +0.08341 +0.00000     994.543  1.63743 +0.7858679 +5.16540   +2700.47    +0.012394 +4382.313296
    35.0 +6380873.227    +5290.736       +0.000  +384.222906  +377.743790    +0.000000 -0.6691942055 -0.2284275007 +0.2284275007 +0.6691942055 +0.00000 +0.08291 +0.00000     994.502  1.63389 +0.7947303 +5.63981   +2738.42    +0.010600 +4322.825967
    35.1 +6380911.358    +5327.957       +0.000  +386.708884  +373.504839    +0.000000 -0.6701239203 -0.2256854870 +0.2256854870 +0.6701239203 +0.00000 +0.08240 +0.00000     994.462  1.63033 +0.8036003 +5.09295   +2776.58    +0.010322 +4286.425971
    35.2 +6380950.891    +5365.875       +0.000  +388.499870  +369.885369    +0.000000 -0.6710643483 -0.2228736143 +0.2228736143 +0.6710643483 +0.00000 +0.08201 +0.00000     994.420  1.62860 +0.8107791 +5.03659   +2816.15    +0.008560 +4226.749296
    35.3 +6380989.470    +5402.288       +0.000  +390.848501  +365.679585    +0.000000 -0.6719605797 -0.2201567324 +0.2201567324 +0.6719605797 +0.00000 +0.08146 +0.00000     994.380  1.62503 +0.8195015 +5.51192   +2854.76    +0.008528 +4190.983631
    35.4 +6381028.244    +5438.321       +0.000  +393.149804  +361.452713    +0.000000 -0.6728407322 -0.2174519635 +0.2174519635 +0.6728407322 +0.00000 +0.08091 +0.00000     994.340  1.62143 +0.8282308 +4.96435   +2893.56    +0.008300 +4155.168912
    35.5 +6381068.426    +5475.012       +0.000  +394.773418  +357.868963    +0.000000 -0.6737299459 -0.2146810826 +0.2146810826 +0.6737299459 +0.00000 +0.08046 +0.00000     994.299  1.61967 +0.8352501 +4.90890   +2933.77    +0.006601 +4096.940362
    35.6 +6381107.611    +5510.242       +0.000  +396.942159  +353.679368    +0.000000 -0.6745766514 -0.2120055389 +0.2120055389 +0.6745766514 +0.00000 +0.07987 +0.00000     994.260  1.61607 +0.8438340 +4.89478   +2972.99    +0.006618 +4061.780380
    35.7 +6381146.980    +5545.089       +0.000  +398.435921  +350.191767    +0.000000 -0.6754072992 -0.2093441838 +0.2093441838 +0.6754072992 +0.00000 +0.07941 +0.00000     994.221  1.61438 +0.8506216 +4.83261   +3012.39    +0.004673 +4005.367656
    35.8 +6381187.749    +5580.569       +0.000  +400.520482  +345.936036    +0.000000 -0.6762457663 -0.2066196276 +0.2066196276 +0.6762457663 +0.00000 +0.07877 +0.00000     994.181  1.61066 +0.8592675 +5.26115   +3053.19    +0.004797 +3969.788617
    35.9 +6381227.488    +5614.627       +0.000  +402.515391  +341.768415    +0.000000 -0.6770434682 -0.2039905611 +0.2039905611 +0.6770434682 +0.00000 +0.07815 +0.00000     994.143  1.60703 +0.8677155 +4.76718   +3092.96    +0.004859 +3935.249669
    36.0 +6381267.402    +5648.297       +0.000  +403.853463  +338.328369    +0.000000 -0.6778251304 -0.2013780013 +0.2013780013 +0.6778251304 +0.00000 +0.07764 +0.00000     994.105  1.60532 +0.8743421 +4.70624   +3132.90    +0.002966 +3880.281389
    36.1 +6381308.704    +5682.579       +0.000  +405.764660  +334.098973    +0.000000 -0.6786136004 -0.1987047760 +0.1987047760 +0.6786136004 +0.00000 +0.07698 +0.00000     994.066  1.60158 +0.8828508 +5.12943   +3174.23    +0.003140 +3845.345763
    36.2 +6381348.941    +5715.484       +0.000  +407.580126  +329.974882    +0.000000 -0.6793632456 -0.1961264570 +0.1961264570 +0.6793632456 +0.00000 +0.07632 +0.00000     994.029  1.59984 +0.8911277 +4.63768   +3214.50    +0.001438 +3791.241999
    36.3 +6381389.349    +5747.988       +0.000  +408.775195  +326.576817    +0.000000 -0.6800967764 -0.1935675108 +0.1935675108 +0.6800967764 +0.00000 +0.07577 +0.00000     993.992  1.59620 +0.8976178 +4.58933   +3254.94    +0.001397 +3757.900415
    36.4 +6381431.130    +5781.092       +0.000  +410.520083  +322.376719    +0.000000 -0.6808364527 -0.1909495512 +0.1909495512 +0.6808364527 +0.00000 +0.07508 +0.00000     993.954  1.59242 +0.9059963 +4.55701   +3296.75    +0.001616 +3723.602116
    36.5 +6381471.825    +5812.845       +0.000  +411.628524  +318.998749    +0.000000 -0.6815388489 -0.1884271839 +0.1884271839 +0.6815388489 +0.00000 +0.07451 +0.00000     993.917  1.59067 +0.9124174 +4.51227   +3337.47    -0.000227 +3670.933577
    36.6 +6381512.668    +5844.213       +0.000  +413.224224  +314.947168    +0.000000 -0.6822257228 -0.1859249022 +0.1859249022 +0.6822257228 +0.00000 +0.07381 +0.00000     993.881  1.58700 +0.9204675 +4.90834   +3378.34    -0.000038 +3638.257953
    36.7 +6381554.869    +5876.166       +0.000  +414.796253  +310.800194    +0.000000 -0.6829180914 -0.1833654452 +0.1833654452 +0.6829180914 +0.00000 +0.07308 +0.00000     993.844  1.58511 +0.9286744 +4.42958   +3420.57    -0.001804 +3585.466757
    36.8 +6381595.981    +5906.776       +0.000  +415.770305  +307.473976    +0.000000 -0.6835743950 -0.1809034338 +0.1809034338 +0.6835743950 +0.00000 +0.07249 +0.00000     993.808  1.58144 +0.9349563 +4.39942   +3461.71    -0.001574 +3553.397132
    36.9 +6381637.197    +5937.043       +0.000  +417.215569  +303.453615    +0.000000 -0.6842163803 -0.1784599415 +0.1784599415 +0.6842163803 +0.00000 +0.07177 +0.00000     993.773  1.57965 +0.9428926 +4.35565   +3502.96    -0.003227 +3502.553998
    37.0 +6381679.799    +5967.827       +0.000  +418.132313  +300.060833    +0.000000 -0.6848622624 -0.1759650171 +0.1759650171 +0.6848622624 +0.00000 +0.07114 +0.00000     993.737  1.57585 +0.9492765 +4.30987   +3545.59    -0.003063 +3470.054518
    37.1 +6381721.249    +5997.356       +0.000  +419.473200  +296.084281    +0.000000 -0.6854747817 -0.1735636173 +0.1735636173 +0.6854747817 +0.00000 +0.07040 +0.00000     993.702  1.57214 +0.9570961 +4.28505   +3587.07    -0.002799 +3438.541213
    37.2 +6381762.816    +6026.511       +0.000  +420.285931  +292.816893    +0.000000 -0.6860729244 -0.1711839594 +0.1711839594 +0.6860729244 +0.00000 +0.06977 +0.00000     993.667  1.57034 +0.9632270 +4.23273   +3628.66    -0.004605 +3389.162040
    37.3 +6381805.738    +6056.194       +0.000  +421.549318  +288.787083    +0.000000 -0.6866747278 -0.1687537366 +0.1687537366 +0.6866747278 +0.00000 +0.06900 +0.00000     993.632  1.56652 +0.9711159 +4.20172   +3671.61    -0.004205 +3357.279280
    37.4 +6381847.507    +6084.628       +0.000  +422.286373  +285.547783    +0.000000 -0.6872446162 -0.1664176757 +0.1664176757 +0.6872446162 +0.00000 +0.06837 +0.00000     993.598  1.56471 +0.9771798 +4.16402   +3713.41    -0.006013 +3308.827282
    37.5 +6381889.352    +6112.735       +0.000  +423.429275  +281.660628    +0.000000 -0.6878011861 -0.1641022047 +0.1641022047 +0.6878011861 +0.00000 +0.06760 +0.00000     993.564  1.56098 +0.9847750 +4.12391   +3755.28    -0.005671 +3278.425498
    37.6 +6381932.576    +6141.301       +0.000  +424.111342  +278.358478    +0.000000 -0.6883602010 -0.1617412711 +0.1617412711 +0.6883602010 +0.00000 +0.06694 +0.00000     993.529  1.55715 +0.9909439 +3.68823   +3798.53    -0.005437 +3247.350018
    37.7 +6381974.593    +6168.705       +0.000  +424.736731  +275.170465    +0.000000 -0.6888898001 -0.1594705248 +0.1594705248 +0.6888898001 +0.00000 +0.06627 +0.00000     993.496  1.55531 +0.9968927 +4.05041   +3840.57    -0.007194 +3200.157082
    37.8 +6382016.704    +6195.744       +0.000  +425.746064  +271.352600    +0.000000 -0.6894060294 -0.1572238258 +0.1572238258 +0.6894060294 +0.00000 +0.06550 +0.00000     993.463  1.55159 +1.0043306 +4.00958   +3882.71    -0.006829 +3170.551563
    37.9 +6382060.158    +6223.261       +0.000  +426.315866  +268.107931    +0.000000 -0.6899247666 -0.1549316660 +0.1549316660 +0.6899247666 +0.00000 +0.06481 +0.00000     993.430  1.54963 +1.0103761 +3.97349   +3926.19    -0.008482 +3123.429529
    38.0 +6382102.397    +6249.639       +0.000  +427.238045  +264.326131    +0.000000 -0.6904155774 -0.1527296143 +0.1527296143 +0.6904155774 +0.00000 +0.06402 +0.00000     993.397  1.54589 +1.0177297 +3.94324   +3968.46    -0.008080 +3094.288083
    38.1 +6382144.717    +6275.658       +0.000  +427.720067  +261.219651    -0.000000 -0.6908937167 -0.1505519072 +0.1505519072 +0.6908937167 +0.00000 +0.06335 +0.00000     993.365  1.54404 +1.0235109 +3.51681   +4010.80    -0.009850 +3049.026784
    38.2 +6382188.368    +6302.145       +0.000  +428.183145  +258.035773    -0.000000 -0.6913739238 -0.1483310551 +0.1483310551 +0.6913739238 +0.00000 +0.06264 +0.00000     993.332  1.54018 +1.0294331 +3.87060   +4054.48    -0.009487 +3019.595947
    38.3 +6382230.784    +6327.532       +0.000  +428.986334  +254.309649    -0.000000 -0.6918280233 -0.1461984626 +0.1461984626 +0.6918280233 +0.00000 +0.06185 +0.00000     993.301  1.53643 +1.0366679 +3.83389   +4096.92    -0.009063 +2991.122526
    38.4 +6382273.272    +6352.563       +0.000  +429.363623  +251.276371    -0.000000 -0.6922700021 -0.1440911114 +0.1440911114 +0.6922700021 +0.00000 +0.06116 +0.00000     993.269  1.53458 +1.0423034 +3.41438   +4139.43    -0.010785 +2947.195590
    38.5 +6382317.086    +6378.039       +0.000  +429.728344  +248.149016    -0.000000 -0.6927135624 -0.1419433850 +0.1419433850 +0.6927135624 +0.00000 +0.06045 +0.00000     993.237  1.53071 +1.0481179 +3.39677   +4183.27    -0.010400 +2918.494215
    38.6 +6382359.645    +6402.460       +0.000  +430.052316  +245.130313    -0.000000 -0.6931328481 -0.1398815887 +0.1398815887 +0.6931328481 +0.00000 +0.05975 +0.00000     993.206  1.52883 +1.0537301 +3.72981   +4225.86    -0.012121 +2875.322485
    38.7 +6382402.245    +6426.565       +0.000  +430.694920  +241.514899    -0.000000 -0.6935409609 -0.1378438954 +0.1378438954 +0.6935409609 +0.00000 +0.05894 +0.00000     993.176  1.52507 +1.0607393 +3.68424   +4268.48    -0.011627 +2847.983042
    38.8 +6382446.189    +6451.049       +0.000  +430.960832  +238.462000    -0.000000 -0.6939497859 -0.1357707569 +0.1357707569 +0.6939497859 +0.00000 +0.05822 +0.00000     993.145  1.52308 +1.0664136 +3.28685   +4312.45    -0.013229 +2804.991718
    38.9 +6382488.865    +6474.515       +0.000  +431.188667  +235.521694    -0.000000 -0.6943359242 -0.1337820169 +0.1337820169 +0.6943359242 +0.00000 +0.05751 +0.00000     993.114  1.51933 +1.0718782 +3.26494   +4355.15    -0.012900 +2778.255827
    39.0 +6382531.563    +6497.691       +0.000  +431.394785  +232.582790    -0.000000 -0.6947117635 -0.1318164224 +0.1318164224 +0.6947117635 +0.00000 +0.05681 +0.00000     993.085  1.51556 +1.0773461 +3.23823   +4397.87    -0.012584 +2751.610560
    39.1 +6382575.574    +6521.266       +0.000  +431.573877  +229.587958    -0.000000 -0.6950884155 -0.1298156317 +0.1298156317 +0.6950884155 +0.00000 +0.05607 +0.00000     993.054  1.51356 +1.0829162 +3.21013   +4441.91    -0.014132 +2709.804840
    39.2 +6382618.308    +6543.856       +0.000  +431.725117  +226.686961    -0.000000 -0.6954438782 -0.1278976767 +0.1278976767 +0.6954438782 +0.00000 +0.05536 +0.00000     993.025  1.50978 +1.0883178 +3.18574   +4484.66    -0.013782 +2683.650823
    39.3 +6382661.055    +6566.159       +0.000  +431.848069  +223.811065    -0.000000 -0.6957896164 -0.1260032266 +0.1260032266 +0.6957896164 +0.00000 +0.05465 +0.00000     992.996  1.50788 +1.0936737 +3.15523   +4527.43    -0.015468 +2643.458028
    39.4 +6382705.108    +6588.842       +0.000  +431.948501  +220.865970    -0.000000 -0.6961357931 -0.1240764313 +0.1240764313 +0.6961357931 +0.00000 +0.05390 +0.00000     992.966  1.50398 +1.0991623 +3.12941   +4571.51    -0.014944 +2617.038295
    39.5 +6382747.875    +6610.571       +0.000  +432.020898  +218.025503    -0.000000 -0.6964622951 -0.1222304164 +0.1222304164 +0.6964622951 +0.00000 +0.05319 +0.00000     992.937  1.50207 +1.1044600 +3.09735   +4614.30    -0.016633 +2577.678822
    39.6 +6382790.647    +6632.021       +0.000  +432.065688  +215.213561    -0.000000 -0.6967795844 -0.1204085289 +0.1204085289 +0.6967795844 +0.00000 +0.05246 +0.00000     992.909  1.49829 +1.1097059 +3.07009   +4657.09    -0.016218 +2552.563681
    39.7 +6382834.720    +6653.829       +0.000  +432.089758  +212.326467    -0.000000 -0.6970970838 -0.1185565637 +0.1185565637 +0.6970970838 +0.00000 +0.05173 +0.00000     992.880  1.49625 +1.1150994 +3.03732   +4701.19    -0.015676 +2526.828526
    39.8 +6382877.496    +6674.717       +0.000  +432.082835  +209.564716    -0.000000 -0.6973963063 -0.1167835387 +0.1167835387 +0.6973963063 +0.00000 +0.05100 +0.00000     992.852  1.49248 +1.1202578 +3.00324   +4743.99    -0.017321 +2488.711452
    39.9 +6382920.271    +6695.332       +0.000  +432.055353  +206.814097    -0.000000 -0.6976868912 -0.1150347976 +0.1150347976 +0.6976868912 +0.00000 +0.05028 +0.00000     992.824  1.48870 +1.1254027 +2.97392   +4786.78    -0.016893 +2464.278881
    40.0 +6382964.338    +6716.288       +0.000  +431.999693  +204.013377    -0.000000 -0.6979774846 -0.1132582615 +0.1132582615 +0.6979774846 +0.00000 +0.04953 +0.00000     992.796  1.48667 +1.1306435 +2.93968   +4830.87    -0.018396 +2426.273319
    40.1 +6383007.103    +6736.356       +0.000  +431.922622  +201.317233    -0.000000 -0.6982511334 -0.1115587623 +0.1115587623 +0.6982511334 +0.00000 +0.04881 +0.00000     992.769  1.48289 +1.1356936 +2.90935   +4873.66    -0.017940 +2402.394569
    40.2 +6383049.859    +6756.157       +0.000  +431.822746  +198.645274    -0.000000 -0.6985167458 -0.1098833857 +0.1098833857 +0.6985167458 +0.00000 +0.04809 +0.00000     992.742  1.48098 +1.1407030 +2.87375   +4916.43    -0.019603 +2365.963962
    40.3 +6383093.898    +6776.284       +0.000  +431.694296  +195.925706    -0.000000 -0.6987821484 -0.1081827693 +0.1081827693 +0.6987821484 +0.00000 +0.04735 +0.00000     992.714  1.47710 +1.1458046 +2.84306   +4960.50    -0.018960 +2341.932625
    40.4 +6383136.629    +6795.555       +0.000  +431.549663  +193.302921    -0.000000 -0.6990319465 -0.1065567466 +0.1065567466 +0.6990319465 +0.00000 +0.04664 +0.00000     992.687  1.47519 +1.1507319 +2.80709   +5003.25    -0.020627 +2306.347466
    40.5 +6383179.345    +6814.568       +0.000  +431.379155  +190.721764    -0.000000 -0.6992742324 -0.1049549916 +0.1049549916 +0.6992742324 +0.00000 +0.04591 +0.00000     992.661  1.47144 +1.1555815 +2.77179   +5045.98    -0.020118 +2283.576890
    40.6 +6383223.336    +6833.891       +0.000  +431.184157  +188.078843    -0.000000 -0.6995161828 -0.1033301132 +0.1033301132 +0.6995161828 +0.00000 +0.04518 +0.00000     992.634  1.46757 +1.1605553 +2.73954   +5089.99    -0.019467 +2260.279596
    40.7 +6383266.013    +6852.389       +0.000  +430.971084  +185.551153    -0.000000 -0.6997437725 -0.1017774779 +0.1017774779 +0.6997437725 +0.00000 +0.04446 +0.00000     992.608  1.46568 +1.1653144 +2.70289   +5132.69    -0.021098 +2225.926464
    40.8 +6383308.668    +6870.638       +0.000  +430.738581  +183.046615    -0.000000 -0.6999643633 -0.1002491513 +0.1002491513 +0.6999643633 +0.00000 +0.04375 +0.00000     992.583  1.46194 +1.1700360 +2.67120   +5175.37    -0.020580 +2203.865995
    40.9 +6383352.591    +6889.182       +0.000  +430.477909  +180.495734    -0.000000 -0.7001845452 -0.0986995682 +0.0986995682 +0.7001845452 +0.00000 +0.04302 +0.00000     992.556  1.45994 +1.1748500 +2.63510   +5219.31    -0.022060 +2169.670315
    41.0 +6383395.195    +6906.934       +0.000  +430.203768  +178.053201    -0.000000 -0.7003915006 -0.0972201000 +0.0972201000 +0.7003915006 +0.00000 +0.04232 +0.00000     992.531  1.45622 +1.1794631 +2.60276   +5261.93    -0.021517 +2148.158554
    41.1 +6383437.772    +6924.444       +0.000  +429.912280  +175.631065    -0.000000 -0.7005920041 -0.0957645325 +0.0957645325 +0.7005920041 +0.00000 +0.04162 +0.00000     992.506  1.45434 +1.1840449 +2.56591   +5304.53    -0.023171 +2115.432221
    41.2 +6383481.607    +6942.237       +0.000  +429.589140  +173.178925    -0.000000 -0.7007919940 -0.0942898879 +0.0942898879 +0.7007919940 +0.00000 +0.04089 +0.00000     992.480  1.45052 +1.1886848 +2.53097   +5348.38    -0.022438 +2093.824124
    41.3 +6383524.120    +6959.268       +0.000  +429.259256  +170.817619    -0.000000 -0.7009798697 -0.0928828515 +0.0928828515 +0.7009798697 +0.00000 +0.04020 +0.00000     992.456  1.44682 +1.1931609 +2.49764   +5390.91    -0.021894 +2073.011978
    41.4 +6383566.601    +6976.067       +0.000  +428.909370  +168.494459    -0.000000 -0.7011617887 -0.0914994417 +0.0914994417 +0.7011617887 +0.00000 +0.03950 +0.00000     992.431  1.44497 +1.1975669 +2.46099   +5433.41    -0.023517 +2041.456376
    41.5 +6383610.331    +6993.136       +0.000  +428.531528  +166.126889    -0.000000 -0.7013431217 -0.0900989866 +0.0900989866 +0.7013431217 +0.00000 +0.03879 +0.00000     992.406  1.44117 +1.2020636 +2.42898   +5477.16    -0.022780 +2020.558302
    41.6 +6383652.737    +7009.474       +0.000  +428.147175  +163.859882    -0.000000 -0.7015133956 -0.0887634916 +0.0887634916 +0.7015133956 +0.00000 +0.03811 +0.00000     992.382  1.43933 +1.2063739 +2.39250   +5519.59    -0.024414 +1989.784242
    41.7 +6383695.104    +7025.588       +0.000  +427.745433  +161.625512    -0.000000 -0.7016781469 -0.0874515847 +0.0874515847 +0.7016781469 +0.00000 +0.03742 +0.00000     992.359  1.43566 +1.2106260 +2.36050   +5561.97    -0.023824 +1970.019595
    41.8 +6383738.713    +7041.961       +0.000  +427.316001  +159.346947    -0.000000 -0.7018423000 -0.0861242561 +0.0861242561 +0.7018423000 +0.00000 +0.03673 +0.00000     992.334  1.43372 +1.2149695 +2.32492   +5605.60    -0.025301 +1939.413540
    41.9 +6383780.997    +7057.632       +0.000  +426.880827  +157.176485    -0.000000 -0.7019963338 -0.0848595832 +0.0848595832 +0.7019963338 +0.00000 +0.03605 +0.00000     992.311  1.43008 +1.2191083 +2.29019   +5647.90    -0.024690 +1920.159412
    42.0 +6383823.237    +7073.089       +0.000  +426.432135  +155.025826    -0.000000 -0.7021452982 -0.0836180701 +0.0836180701 +0.7021452982 +0.00000 +0.03538 +0.00000     992.287  1.42644 +1.2232170 +2.25716   +5690.16    -0.024102 +1901.057477
    42.1 +6383866.709    +7088.794       +0.000  +425.952457  +152.849328    -0.000000 -0.7022936400 -0.0823628839 +0.0823628839 +0.7022936400 +0.00000 +0.03469 +0.00000     992.264  1.42452 +1.2273773 +2.22202   +5733.64    -0.025548 +1871.562938
    42.2 +6383908.856    +7103.826       +0.000  +425.472835  +150.762484    -0.000000 -0.7024327458 -0.0811679674 +0.0811679674 +0.7024327458 +0.00000 +0.03403 +0.00000     992.241  1.42090 +1.2313722 +2.19061   +5775.81    -0.024941 +1852.956786
    42.3 +6383950.954    +7118.652       +0.000  +424.978876  +148.705530    -0.000000 -0.7025672175 -0.0799956634 +0.0799956634 +0.7025672175 +0.00000 +0.03337 +0.00000     992.218  1.41910 +1.2353143 +2.15525   +5817.92    -0.026579 +1824.753534
    42.4 +6383994.276    +7133.716       +0.000  +424.454783  +146.620533    -0.000000 -0.7027010245 -0.0788116199 +0.0788116199 +0.7027010245 +0.00000 +0.03269 +0.00000     992.195  1.41539 +1.2393136 +2.12486   +5861.26    -0.025773 +1806.079769
    42.5 +6384036.272    +7148.136       +0.000  +423.933805  +144.618853    -0.000000 -0.7028264491 -0.0776851572 +0.0776851572 +0.7028264491 +0.00000 +0.03205 +0.00000     992.173  1.41361 +1.2431601 +2.09005   +5903.27    -0.027425 +1778.583611
    42.6 +6384078.216    +7162.358       +0.000  +423.397677  +142.657907    -0.000000 -0.7029476118 -0.0765810436 +0.0765810436 +0.7029476118 +0.00000 +0.03140 +0.00000     992.150  1.41003 +1.2469288 +2.05610   +5945.23    -0.026781 +1760.928649
    42.7 +6384121.374    +7176.810       +0.000  +422.833584  +140.658714    -0.000000 -0.7030681114 -0.0754667595 +0.0754667595 +0.7030681114 +0.00000 +0.03074 +0.00000     992.128  1.40635 +1.2507784 +2.02563   +5988.41    -0.025982 +1742.887440
    42.8 +6384163.208    +7190.644       +0.000  +422.272487  +138.753793    -0.000000 -0.7031810013 -0.0744075291 +0.0744075291 +0.7031810013 +0.00000 +0.03010 +0.00000     992.106  1.40460 +1.2544487 +1.99138   +6030.26    -0.027611 +1716.394878
    42.9 +6384204.986    +7204.290       +0.000  +421.699747  +136.875400    -0.000000 -0.7032899776 -0.0733703513 +0.0733703513 +0.7032899776 +0.00000 +0.02947 +0.00000     992.084  1.40104 +1.2580726 +1.96151   +6072.05    -0.026970 +1699.337531
    43.0 +6384247.969    +7218.157       +0.000  +421.097732  +134.968296    -0.000000 -0.7033983107 -0.0723243902 +0.0723243902 +0.7033983107 +0.00000 +0.02883 +0.00000     992.062  1.39919 +1.2617566 +1.92843   +6115.05    -0.028441 +1672.996140
    43.1 +6384289.630    +7231.431       +0.000  +420.501067  +133.151509    -0.000000 -0.7034997192 -0.0713312416 +0.0713312416 +0.7034997192 +0.00000 +0.02820 +0.00000     992.041  1.39565 +1.2652682 +1.89835   +6156.73    -0.027782 +1656.381668
    43.2 +6384331.230    +7244.527       +0.000  +419.894656  +131.355031    -0.000000 -0.7035975663 -0.0703595445 +0.0703595445 +0.7035975663 +0.00000 +0.02759 +0.00000     992.020  1.39213 +1.2687469 +1.86580   +6198.34    -0.027150 +1639.901721
    43.3 +6384374.028    +7257.835       +0.000  +419.257048  +129.544343    -0.000000 -0.7036947661 -0.0693806671 +0.0693806671 +0.7036947661 +0.00000 +0.02695 +0.00000     991.998  1.39030 +1.2722533 +1.83349   +6241.15    -0.028595 +1614.518936
    43.4 +6384415.504    +7270.576       +0.000  +418.628720  +127.808427    -0.000000 -0.7037856926 -0.0684521707 +0.0684521707 +0.7037856926 +0.00000 +0.02634 +0.00000     991.978  1.38679 +1.2756207 +1.80469   +6282.64    -0.027946 +1598.465180
    43.5 +6384456.918    +7283.147       +0.000  +417.989848  +126.103674    -0.000000 -0.7038733768 -0.0675445792 +0.0675445792 +0.7038733768 +0.00000 +0.02574 +0.00000     991.957  1.38509 +1.2789299 +1.77243   +6324.07    -0.029596 +1574.196044
    43.6 +6384499.520    +7295.924       +0.000  +417.321394  +124.376321    -0.000000 -0.7039604039 -0.0666314525 +0.0666314525 +0.7039604039 +0.00000 +0.02512 +0.00000     991.936  1.38149 +1.2822861 +1.74475   +6366.69    -0.028744 +1558.080143
    43.7 +6384540.803    +7308.158       +0.000  +416.663584  +122.723489    -0.000000 -0.7040417731 -0.0657661192 +0.0657661192 +0.7040417731 +0.00000 +0.02453 +0.00000     991.916  1.37980 +1.2855022 +1.71314   +6407.99    -0.030418 +1534.418891
    43.8 +6384582.021    +7320.230       +0.000  +415.995562  +121.105385    -0.000000 -0.7041201689 -0.0649214012 +0.0649214012 +0.7041201689 +0.00000 +0.02393 +0.00000     991.896  1.37633 +1.2886510 +1.68349   +6449.22    -0.029733 +1519.176748
    43.9 +6384624.418    +7332.501       +0.000  +415.299030  +119.458943    -0.000000 -0.7041979276 -0.0640724543 +0.0640724543 +0.7041979276 +0.00000 +0.02333 +0.00000     991.875  1.37276 +1.2918605 +1.65492   +6491.63    -0.028893 +1503.600441
    44.0 +6384665.500    +7344.252       +0.000  +414.613343  +117.894854    -0.000000 -0.7042705737 -0.0632689467 +0.0632689467 +0.7042705737 +0.00000 +0.02275 +0.00000     991.855  1.37109 +1.2949097 +1.62408   +6532.72    -0.030545 +1480.795175
    44.1 +6384706.513    +7355.849       +0.000  +413.919750  +116.353958    -0.000000 -0.7043405026 -0.0624856535 +0.0624856535 +0.7043405026 +0.00000 +0.02217 +0.00000     991.836  1.36764 +1.2979175 +1.59752   +6573.75    -0.029871 +1466.060703
    44.2 +6384748.697    +7367.640       +0.000  +413.196786  +114.793062    -0.000000 -0.7044098173 -0.0616993497 +0.0616993497 +0.7044098173 +0.00000 +0.02159 +0.00000     991.816  1.36588 +1.3009671 +1.56788   +6615.95    -0.031365 +1443.378855
    44.3 +6384789.570    +7378.933       +0.000  +412.486627  +113.308563    -0.000000 -0.7044745026 -0.0609563427 +0.0609563427 +0.7044745026 +0.00000 +0.02102 +0.00000     991.796  1.36245 +1.3038682 +1.54100   +6656.83    -0.030677 +1429.018232
    44.4 +6384830.372    +7390.080       +0.000  +411.769674  +111.843403    -0.000000 -0.7045367235 -0.0602329282 +0.0602329282 +0.7045367235 +0.00000 +0.02046 +0.00000     991.777  1.35903 +1.3067360 +1.51193   +6697.65    -0.030015 +1414.771391
    44.5 +6384872.335    +7401.415       +0.000  +411.022220  +110.369629    -0.000000 -0.7045983315 -0.0595079124 +0.0595079124 +0.7045983315 +0.00000 +0.01988 +0.00000     991.758  1.35729 +1.3096192 +1.48317   +6739.63    -0.031490 +1392.903473
    44.6 +6384912.991    +7412.273       +0.000  +410.290180  +108.959404    -0.000000 -0.7046557655 -0.0588239111 +0.0588239111 +0.7046557655 +0.00000 +0.01933 +0.00000     991.739  1.35388 +1.3123821 +1.45806   +6780.29    -0.030814 +1379.015041
    44.7 +6384953.575    +7422.994       +0.000  +409.551070  +107.575781    -0.000000 -0.7047109613 -0.0581589324 +0.0581589324 +0.7047109613 +0.00000 +0.01878 +0.00000     991.720  1.35226 +1.3150938 +1.42944   +6820.89    -0.032506 +1358.100394
    44.8 +6384995.311    +7433.897       +0.000  +408.782376  +106.178008    -0.000000 -0.7047655396 -0.0574937791 +0.0574937791 +0.7047655396 +0.00000 +0.01822 +0.00000     991.701  1.34876 +1.3178341 +1.40489   +6862.64    -0.031625 +1344.147323
    44.9 +6385035.744    +7444.344       +0.000  +408.030283  +104.841294    -0.000000 -0.7048163711 -0.0568672433 +0.0568672433 +0.7048163711 +0.00000 +0.01769 +0.00000     991.683  1.34715 +1.3204580 +1.37697   +6903.08    -0.033341 +1323.750210
    45.0 +6385076.103    +7454.661       +0.000  +407.271040  +103.537074    -0.000000 -0.7048651513 -0.0562593891 +0.0562593891 +0.7048651513 +0.00000 +0.01715 +0.00000     991.664  1.34377 +1.3230159 +1.34978   +6943.45    -0.032636 +1310.542550
    45.1 +6385117.606    +7465.156       +0.000  +406.483095  +102.212535    -0.000000 -0.7049133238 -0.0556525498 +0.0556525498 +0.7049133238 +0.00000 +0.01660 +0.00000     991.646  1.34030 +1.3256171 +1.32583   +6984.97    -0.031770 +1297.041265
    45.2 +6385157.811    +7475.214       +0.000  +405.712043  +100.954243    -0.000000 -0.7049581290 -0.0550820898 +0.0550820898 +0.7049581290 +0.00000 +0.01608 +0.00000     991.628  1.33871 +1.3280877 +1.29875   +7025.19    -0.033475 +1277.368270
    45.3 +6385197.939    +7485.149       +0.000  +404.935307   +99.719567    -0.000000 -0.7050010525 -0.0545299580 +0.0545299580 +0.7050010525 +0.00000 +0.01555 +0.00000     991.610  1.33535 +1.3305126 +1.27534   +7065.33    -0.032780 +1264.585087
    45.4 +6385239.202    +7495.258       +0.000  +404.129620   +98.468456    -0.000000 -0.7050433826 -0.0539798937 +0.0539798937 +0.7050433826 +0.00000 +0.01503 +0.00000     991.592  1.33366 +1.3329715 +1.24937   +7106.60    -0.034328 +1245.009445
    45.5 +6385279.173    +7504.950       +0.000  +403.341607   +97.283812    -0.000000 -0.7050826745 -0.0534642156 +0.0534642156 +0.7050826745 +0.00000 +0.01451 +0.00000     991.574  1.33032 +1.3352975 +1.22420   +7146.58    -0.033619 +1232.538721
    45.6 +6385319.066    +7514.525       +0.000  +402.548934   +96.116847    -0.000000 -0.7051202511 -0.0529663260 +0.0529663260 +0.7051202511 +0.00000 +0.01401 +0.00000     991.557  1.32698 +1.3375910 +1.20080   +7186.49    -0.032938 +1220.162344
    45.7 +6385360.086    +7524.270       +0.000  +401.726684   +94.941639    -0.000000 -0.7051572354 -0.0524716449 +0.0524716449 +0.7051572354 +0.00000 +0.01349 +0.00000     991.539  1.32531 +1.3398990 +1.17571   +7227.52    -0.034475 +1201.274238
    45.8 +6385399.818    +7533.616       +0.000  +400.923757   +93.823141    -0.000000 -0.7051914841 -0.0520093350 +0.0520093350 +0.7051914841 +0.00000 +0.01299 +0.00000     991.522  1.32199 +1.3420955 +1.15375   +7267.26    -0.033780 +1189.197233
    45.9 +6385439.471    +7542.851       +0.000  +400.116401   +92.723877    -0.000000 -0.7052241703 -0.0515642295 +0.0515642295 +0.7052241703 +0.00000 +0.01250 +0.00000     991.505  1.32043 +1.3442551 +1.12884   +7306.93    -0.035543 +1171.128112
    46.0 +6385480.241    +7552.254       +0.000  +399.279313   +91.619967    -0.000000 -0.7052562494 -0.0511236030 +0.0511236030 +0.7052562494 +0.00000 +0.01199 +0.00000     991.487  1.31701 +1.3464204 +1.10556   +7347.71    -0.034640 +1158.982605
    46.1 +6385519.731    +7561.274       +0.000  +398.462796   +90.565725    -0.000000 -0.7052858777 -0.0507132219 +0.0507132219 +0.7052858777 +0.00000 +0.01151 +0.00000     991.470  1.31371 +1.3484895 +1.08340   +7387.21    -0.033959 +1147.282853
    46.2 +6385559.139    +7570.190       +0.000  +397.641728   +89.536231    -0.000000 -0.7053140712 -0.0503195901 +0.0503195901 +0.7053140712 +0.00000 +0.01103 +0.00000     991.454  1.31216 +1.3505074 +1.05941   +7426.63    -0.035710 +1129.844765
    46.3 +6385599.657    +7579.271       +0.000  +396.791525   +88.496902    -0.000000 -0.7053416435 -0.0499316138 +0.0499316138 +0.7053416435 +0.00000 +0.01053 +0.00000     991.437  1.30876 +1.3525435 +1.03911   +7467.15    -0.034824 +1118.075529
    46.4 +6385638.899    +7587.985       +0.000  +395.962482   +87.506682    -0.000000 -0.7053670252 -0.0495717646 +0.0495717646 +0.7053670252 +0.00000 +0.01007 +0.00000     991.420  1.30722 +1.3544831 +1.01576   +7506.41    -0.035340 +1101.059675
    46.5 +6385678.059    +7596.601       +0.000  +395.129146   +86.542267    -0.000000 -0.7053910954 -0.0492280676 +0.0492280676 +0.7053910954 +0.00000 +0.00961 +0.00000     991.404  1.30394 +1.3563680 +0.99355   +7545.58    -0.033763 +1089.904781
    46.6 +6385718.320    +7605.380       +0.000  +394.266977   +85.565526    -0.000000 -0.7054145869 -0.0488902920 +0.0488902920 +0.7054145869 +0.00000 +0.00916 +0.00000     991.388  1.30056 +1.3582771 +0.97319   +7585.85    -0.032038 +1078.496090
    46.7 +6385757.312    +7613.806       +0.000  +393.426262   +84.640596    -0.000000 -0.7054361861 -0.0485776426 +0.0485776426 +0.7054361861 +0.00000 +0.00874 +0.00000     991.372  1.29903 +1.3600814 +0.95072   +7624.85    -0.030927 +1062.069612
    46.8 +6385796.221    +7622.142       +0.000  +392.582038   +83.735231    -0.000000 -0.7054566670 -0.0482793022 +0.0482793022 +0.7054566670 +0.00000 +0.00834 +0.00000     991.356  1.29576 +1.3618454 +0.93157   +7663.77    -0.029501 +1051.253349
    46.9 +6385836.221    +7630.638       +0.000  +391.708883   +82.819712    -0.000000 -0.7054766605 -0.0479862644 +0.0479862644 +0.7054766605 +0.00000 +0.00794 +0.00000     991.339  1.29414 +1.3636281 +0.91022   +7703.78    -0.028262 +1034.895101
    47.0 +6385874.959    +7638.795       +0.000  +390.857661   +81.955868    -0.000000 -0.7054950489 -0.0477151557 +0.0477151557 +0.7054950489 +0.00000 +0.00758 +0.00000     991.324  1.29088 +1.3653048 +0.88923   +7742.53    -0.026928 +1024.328663
    47.1 +6385913.613    +7646.868       +0.000  +390.003497   +81.107104    -0.000000 -0.7055124888 -0.0474565922 +0.0474565922 +0.7055124888 +0.00000 +0.00722 +0.00000     991.308  1.28762 +1.3669514 +0.87077   +7781.19    -0.025639 +1013.836133
    47.2 +6385953.350    +7655.099       +0.000  +389.120108   +80.253172    -0.000000 -0.7055295173 -0.0472027567 +0.0472027567 +0.7055295173 +0.00000 +0.00688 +0.00000     991.292  1.28601 +1.3686042 +0.85062   +7820.94    -0.024513  +998.037147
    47.3 +6385991.831    +7663.005       +0.000  +388.223947   +79.439125    -0.000000 -0.7055451822 -0.0469680309 +0.0469680309 +0.7055451822 +0.00000 +0.00656 +0.00000     991.283  1.28264 +1.3701606 +0.83521   +7859.43    -0.023312  +987.450101
    47.4 +6386030.219    +7670.830       +0.000  +387.263450   +78.631428    -0.000000 -0.7055600413 -0.0467442846 +0.0467442846 +0.7055600413 +0.00000 +0.00625 +0.00000     991.283  1.27908 +1.3716770 +0.81870   +7897.83    -0.022160  +976.281528
    47.5 +6386069.671    +7678.810       +0.000  +386.272067   +77.823217    -0.000000 -0.7055745528 -0.0465247299 +0.0465247299 +0.7055745528 +0.00000 +0.00595 +0.00000     991.283  1.27715 +1.3731877 +0.79933   +7937.29    -0.021147  +960.050185
    47.6 +6386107.866    +7686.478       +0.000  +385.308275   +77.053656    -0.000000 -0.7055879042 -0.0463218031 +0.0463218031 +0.7055879042 +0.00000 +0.00567 +0.00000     991.283  1.27360 +1.3746244 +0.78287   +7975.49    -0.020071  +949.166654
    47.7 +6386145.965    +7694.070       +0.000  +384.342978   +76.300929    -0.000000 -0.7056005705 -0.0461284619 +0.0461284619 +0.7056005705 +0.00000 +0.00540 +0.00000     991.283  1.27179 +1.3760261 +0.76401   +8013.60    -0.019254  +933.687467
    47.8 +6386185.118    +7701.815       +0.000  +383.346919   +75.545445    -0.000000 -0.7056129425 -0.0459388226 +0.0459388226 +0.7056129425 +0.00000 +0.00514 +0.00000     991.283  1.26815 +1.3774275 +0.74727   +8052.76    -0.018110  +922.756093
    47.9 +6386223.023    +7709.259       +0.000  +382.378775   +74.825696    -0.000000 -0.7056243265 -0.0457636305 +0.0457636305 +0.7056243265 +0.00000 +0.00489 +0.00000     991.283  1.26462 +1.3787606 +0.73044   +8090.68    -0.017140  +912.231840
    48.0 +6386260.832    +7716.633       +0.000  +381.409318   +74.124898    -0.000000 -0.7056351276 -0.0455967841 +0.0455967841 +0.7056351276 +0.00000 +0.00466 +0.00000     991.283  1.26282 +1.3800527 +0.71281   +8128.49    -0.016395  +897.339752
    48.1 +6386299.687    +7724.159       +0.000  +380.409184   +73.418368    -0.000000 -0.7056456790 -0.0454332010 +0.0454332010 +0.7056456790 +0.00000 +0.00443 +0.00000     991.283  1.25920 +1.3813515 +0.69827   +8167.36    -0.015366  +886.765192
    48.2 +6386337.300    +7731.395       +0.000  +379.437250   +72.746213    -0.000000 -0.7056553883 -0.0452821483 +0.0452821483 +0.7056553883 +0.00000 +0.00422 +0.00000     991.283  1.25740 +1.3825842 +0.68147   +8204.98    -0.014662  +872.264076
    48.3 +6386374.818    +7738.565       +0.000  +378.464201   +72.092882    -0.000000 -0.7056646018 -0.0451383407 +0.0451383407 +0.7056646018 +0.00000 +0.00401 +0.00000     991.283  1.25390 +1.3837752 +0.66551   +8242.51    -0.013814  +862.252388
    48.4 +6386413.372    +7745.886       +0.000  +377.460522   +71.432110    -0.000000 -0.7056736028 -0.0449974038 +0.0449974038 +0.7056736028 +0.00000 +0.00381 +0.00000     991.283  1.25030 +1.3849771 +0.65167   +8281.07    -0.012889  +852.017592
    48.5 +6386450.693    +7752.928       +0.000  +376.485324   +70.806062    -0.000000 -0.7056818861 -0.0448673119 +0.0448673119 +0.7056818861 +0.00000 +0.00363 +0.00000     991.283  1.24851 +1.3861106 +0.63600   +8318.40    -0.012248  +838.061363
    48.6 +6386487.919    +7759.908       +0.000  +375.509160   +70.194938    -0.000000 -0.7056897473 -0.0447434982 +0.0447434982 +0.7056897473 +0.00000 +0.00345 +0.00000     991.283  1.24503 +1.3872115 +0.62248   +8355.63    -0.011487  +828.368031
    48.7 +6386526.171    +7767.037       +0.000  +374.502410   +69.576808    -0.000000 -0.7056974275 -0.0446222005 +0.0446222005 +0.7056974275 +0.00000 +0.00328 +0.00000     991.283  1.24144 +1.3883221 +0.60847   +8393.89    -0.010657  +818.457188
    48.8 +6386563.200    +7773.897       +0.000  +373.524410   +68.993330    -0.000000 -0.7057044963 -0.0445102681 +0.0445102681 +0.7057044963 +0.00000 +0.00312 +0.00000     991.283  1.23966 +1.3893631 +0.59388   +8430.93    -0.010073  +805.022938
    48.9 +6386600.132    +7780.700       +0.000  +372.545554   +68.421475    -0.000000 -0.7057112054 -0.0444037669 +0.0444037669 +0.7057112054 +0.00000 +0.00297 +0.00000     991.283  1.23619 +1.3903794 +0.58199   +8467.87    -0.009391  +795.633460
    49.0 +6386638.081    +7787.650       +0.000  +371.536171   +67.843950    -0.000000 -0.7057177608 -0.0442994601 +0.0442994601 +0.7057177608 +0.00000 +0.00282 +0.00000     991.283  1.23431 +1.3914017 +0.56840   +8505.83    -0.008750  +782.264513
    49.1 +6386674.816    +7794.340       +0.000  +370.555764   +67.298918    -0.000000 -0.7057237952 -0.0442032225 +0.0442032225 +0.7057237952 +0.00000 +0.00268 +0.00000     991.283  1.23085 +1.3923588 +0.55535   +8542.57    -0.008116  +773.098685
    49.2 +6386711.454    +7800.977       +0.000  +369.574593   +66.763509    -0.000000 -0.7057295234 -0.0441116743 +0.0441116743 +0.7057295234 +0.00000 +0.00255 +0.00000     991.283  1.22739 +1.3932957 +0.54400   +8579.22    -0.007505  +763.999635
    49.3 +6386749.101    +7807.760       +0.000  +368.562983   +66.224500    -0.000000 -0.7057351211 -0.0440220271 +0.0440220271 +0.7057351211 +0.00000 +0.00243 +0.00000     991.283  1.22552 +1.3942330 +0.53140   +8616.87    -0.006923  +751.126456
    49.4 +6386785.541    +7814.292       +0.000  +367.580501   +65.713956    -0.000000 -0.7057402752 -0.0439393214 +0.0439393214 +0.7057402752 +0.00000 +0.00231 +0.00000     991.283  1.22206 +1.3951144 +0.52025   +8653.32    -0.006356  +742.241738
    49.5 +6386821.885    +7820.773       +0.000  +366.597351   +65.212308    -0.000000 -0.7057451686 -0.0438606539 +0.0438606539 +0.7057451686 +0.00000 +0.00219 +0.00000     991.283  1.21861 +1.3959769 +0.50897   +8689.67    -0.005810  +733.420694
    49.6 +6386859.227    +7827.400       +0.000  +365.583857   +64.708696    -0.000000 -0.7057499519 -0.0437836207 +0.0437836207 +0.7057499519 +0.00000 +0.00208 +0.00000     991.283  1.21675 +1.3968354 +0.49730   +8727.02    -0.005281  +721.023942
    49.7 +6386895.373    +7833.783       +0.000  +364.599609   +64.230068    -0.000000 -0.7057543574 -0.0437125494 +0.0437125494 +0.7057543574 +0.00000 +0.00198 +0.00000     991.283  1.21331 +1.3976460 +0.48778   +8763.18    -0.004775  +712.408592
    49.8 +6386931.421    +7840.119       +0.000  +363.614780   +63.759646    -0.000000 -0.7057585414 -0.0436449454 +0.0436449454 +0.7057585414 +0.00000 +0.00189 +0.00000     991.283  1.20987 +1.3984392 +0.47661   +8799.23    -0.004288  +703.854053
    49.9 +6386968.459    +7846.599       +0.000  +362.599712   +63.288684    -0.000000 -0.7057626329 -0.0435787332 +0.0435787332 +0.7057626329 +0.00000 +0.00179 +0.00000     991.283  1.20800 +1.3992241 +0.46583   +8836.28    -0.003808  +691.915931
    50.0 +6387004.310    +7852.843       +0.000  +361.613976   +62.839545    -0.000000 -0.7057664030 -0.0435176336 +0.0435176336 +0.7057664030 +0.00000 +0.00170 +0.00000     991.283  1.20457 +1.3999688 +0.45724   +8872.14    -0.003357  +683.559060
    50.1 +6387040.062    +7859.043       +0.000  +360.627779   +62.399038    -0.000000 -0.7057699850 -0.0434595010 +0.0434595010 +0.7057699850 +0.00000 +0.00162 +0.00000     991.283  1.20281 +1.4006943 +0.44686   +8907.90    -0.002958  +672.177005
    50.2 +6387076.796    +7865.386       +0.000  +359.611362   +61.956928    -0.000000 -0.7057734901 -0.0434025418 +0.0434025418 +0.7057734901 +0.00000 +0.00154 +0.00000     991.283  1.19928 +1.4014142 +0.43745   +8944.64    -0.002486  +663.763914
    50.3 +6387112.350    +7871.499       +0.000  +358.624385   +61.535006    -0.000000 -0.7057767218 -0.0433499596 +0.0433499596 +0.7057767218 +0.00000 +0.00147 +0.00000     991.283  1.19585 +1.4020973 +0.42909   +8980.20    -0.002085  +655.655405
    50.4 +6387147.806    +7877.571       +0.000  +357.637066   +61.122054    -0.000000 -0.7057797944 -0.0432999061 +0.0432999061 +0.7057797944 +0.00000 +0.00140 +0.00000     991.283  1.19410 +1.4027598 +0.41951   +9015.66    -0.001721  +644.696440
    50.5 +6387184.235    +7883.785       +0.000  +356.619532   +60.706406    -0.000000 -0.7057828034 -0.0432508311 +0.0432508311 +0.7057828034 +0.00000 +0.00133 +0.00000     991.283  1.19057 +1.4034195 +0.41135   +9052.10    -0.001303  +636.531957
    50.6 +6387219.493    +7889.776       +0.000  +355.631536   +60.309579    -0.000000 -0.7057855801 -0.0432054968 +0.0432054968 +0.7057855801 +0.00000 +0.00127 +0.00000     991.283  1.18715 +1.4040453 +0.40317   +9087.37    -0.000947  +628.662395
    50.7 +6387254.653    +7895.728       +0.000  +354.643314   +59.921990    -0.000000 -0.7057882226 -0.0431623075 +0.0431623075 +0.7057882226 +0.00000 +0.00121 +0.00000     991.283  1.18539 +1.4046493 +0.39433   +9122.53    -0.000614  +618.111768
    50.8 +6387290.776    +7901.821       +0.000  +353.624873   +59.530728    -0.000000 -0.7057908134 -0.0431199223 +0.0431199223 +0.7057908134 +0.00000 +0.00115 +0.00000     991.283  1.18188 +1.4052529 +0.38731   +9158.66    -0.000244  +610.186664
    50.9 +6387325.738    +7907.696       +0.000  +352.636056   +59.157022    -0.000000 -0.7057932069 -0.0430807285 +0.0430807285 +0.7057932069 +0.00000 +0.00109 +0.00000     991.283  1.17846 +1.4058254 +0.37944   +9193.63    +0.000072  +602.547255
    51.0 +6387360.601    +7913.535       +0.000  +351.647113   +58.792502    -0.000000 -0.7057954877 -0.0430433455 +0.0430433455 +0.7057954877 +0.00000 +0.00104 +0.00000     991.283  1.17671 +1.4063757 +0.37129   +9228.50    +0.000377  +592.390616
    51.1 +6387396.419    +7919.514       +0.000  +350.627953   +58.423703    -0.000000 -0.7057977270 -0.0430066109 +0.0430066109 +0.7057977270 +0.00000 +0.00100 +0.00000     991.283  1.17319 +1.4069272 +0.36517   +9264.33    +0.000704  +584.696261
    51.2 +6387431.083    +7925.281       +0.000  +349.638492   +58.071288    -0.000000 -0.7057997989 -0.0429725947 +0.0429725947 +0.7057997989 +0.00000 +0.00095 +0.00000     991.283  1.16979 +1.4074500 +0.35754   +9299.00    +0.000983  +577.278777
    51.3 +6387465.650    +7931.013       +0.000  +348.649006   +57.728111    -0.000000 -0.7058017767 -0.0429400979 +0.0429400979 +0.7058017767 +0.00000 +0.00091 +0.00000     991.283  1.16803 +1.4079501 +0.35003   +9333.57    +0.001263  +567.503170
    51.4 +6387501.162    +7936.884       +0.000  +347.629297   +57.379988    -0.000000 -0.7058037221 -0.0429081095 +0.0429081095 +0.7058037221 +0.00000 +0.00087 +0.00000     991.283  1.16452 +1.4084530 +0.34462   +9369.09    +0.001551  +560.031466
    51.5 +6387535.529    +7942.549       +0.000  +346.639373   +57.047520    -0.000000 -0.7058055256 -0.0428784335 +0.0428784335 +0.7058055256 +0.00000 +0.00083 +0.00000     991.283  1.16276 +1.4089288 +0.33751   +9403.47    +0.001818  +550.511259
    51.6 +6387569.799    +7948.181       +0.000  +345.649462   +56.723381    -0.000000 -0.7058072509 -0.0428500245 +0.0428500245 +0.7058072509 +0.00000 +0.00080 +0.00000     991.283  1.15936 +1.4093838 +0.33077   +9437.74    +0.002054  +543.420733
    51.7 +6387605.005    +7953.950       +0.000  +344.629353   +56.394287    -0.000000 -0.7058089518 -0.0428219987 +0.0428219987 +0.7058089518 +0.00000 +0.00076 +0.00000     991.283  1.15585 +1.4098416 +0.32571   +9472.96    +0.002307  +536.164066
    51.8 +6387639.076    +7959.518       +0.000  +343.639107   +56.080167    -0.000000 -0.7058105325 -0.0427959376 +0.0427959376 +0.7058105325 +0.00000 +0.00073 +0.00000     991.283  1.15409 +1.4102735 +0.31915   +9507.03    +0.002554  +527.003467
    51.9 +6387673.049    +7965.055       +0.000  +342.648899   +55.773435    -0.000000 -0.7058120486 -0.0427709255 +0.0427709255 +0.7058120486 +0.00000 +0.00070 +0.00000     991.283  1.15069 +1.4106870 +0.31310   +9541.01    +0.002761  +520.116389
    52.0 +6387707.948    +7970.729       +0.000  +341.628524   +55.461852    -0.000000 -0.7058135475 -0.0427461838 +0.0427461838 +0.7058135475 +0.00000 +0.00067 +0.00000     991.283  1.14719 +1.4111028 +0.30831   +9575.92    +0.002983  +513.067580
    52.1 +6387741.722    +7976.205       +0.000  +340.638084   +55.164607    -0.000000 -0.7058149445 -0.0427231102 +0.0427231102 +0.7058149445 +0.00000 +0.00065 +0.00000     991.283  1.14542 +1.4114939 +0.30225   +9609.70    +0.003211  +504.255116
    52.2 +6387775.398    +7981.653       +0.000  +339.647698   +54.873893    -0.000000 -0.7058162887 -0.0427008972 +0.0427008972 +0.7058162887 +0.00000 +0.00062 +0.00000     991.283  1.14203 +1.4118687 +0.29685   +9643.38    +0.003392  +497.564795
    52.3 +6387809.991    +7987.235       -0.000  +338.627177   +54.578423    -0.000000 -0.7058176220 -0.0426788533 +0.0426788533 +0.7058176220 +0.00000 +0.00060 +0.00000     991.283  1.13854 +1.4122455 +0.29235   +9677.98    +0.003586  +490.717051
    52.4 +6387843.468    +7992.625       -0.000  +337.636647   +54.296600    -0.000000 -0.7058188690 -0.0426582254 +0.0426582254 +0.7058188690 +0.00000 +0.00058 +0.00000     991.283  1.13676 +1.4125990 +0.28676   +9711.47    +0.003797  +482.241605
    52.5 +6387876.846    +7997.987       -0.000  +336.646189   +54.020626    -0.000000 -0.7058200732 -0.0426382963 +0.0426382963 +0.7058200732 +0.00000 +0.00056 +0.00000     991.283  1.13337 +1.4129377 +0.28188   +9744.85    +0.003956  +475.741701
    52.6 +6387911.133    +8003.483       -0.000  +335.625629   +53.739985    -0.000000 -0.7058212721 -0.0426184448 +0.0426184448 +0.7058212721 +0.00000 +0.00054 +0.00000     991.283  1.12988 +1.4132781 +0.27771   +9779.15    +0.004124  +469.088581
    52.7 +6387944.313    +8008.790       -0.000  +334.635099   +53.472256    -0.000000 -0.7058223979 -0.0425997964 +0.0425997964 +0.7058223979 +0.00000 +0.00053 +0.00000     991.283  1.12810 +1.4135969 +0.27254   +9812.33    +0.004321  +460.939529
    52.8 +6387977.394    +8014.071       -0.000  +333.644666   +53.209850    -0.000000 -0.7058234894 -0.0425817077 +0.0425817077 +0.7058234894 +0.00000 +0.00051 +0.00000     991.283  1.12471 +1.4139021 +0.26810   +9845.42    +0.004459  +454.624019
    52.9 +6388011.375    +8019.486       -0.000  +332.624160   +52.942860    -0.000000 -0.7058245807 -0.0425636145 +0.0425636145 +0.7058245807 +0.00000 +0.00050 +0.00000     991.283  1.12122 +1.4142086 +0.26428   +9879.41    +0.004605  +448.159400
    53.0 +6388044.258    +8024.715       -0.000  +331.633711   +52.688014    -0.000000 -0.7058256098 -0.0425465452 +0.0425465452 +0.7058256098 +0.00000 +0.00048 +0.00000     991.283  1.11944 +1.4144952 +0.25950   +9912.30    +0.004788  +440.326567
    53.1 +6388077.042    +8029.919       -0.000  +330.643384   +52.438103    -0.000000 -0.7058266120 -0.0425299166 +0.0425299166 +0.7058266120 +0.00000 +0.00047 +0.00000     991.283  1.11605 +1.4147691 +0.25541   +9945.09    +0.004908  +434.189716
    53.2 +6388110.717    +8035.255       -0.000  +329.623016   +52.183685    -0.000000 -0.7058276185 -0.0425132096 +0.0425132096 +0.7058276185 +0.00000 +0.00046 +0.00000     991.283  1.11257 +1.4150440 +0.25195   +9978.77    +0.005034  +427.907763
    53.3 +6388143.302    +8040.409       -0.000  +328.632717   +51.940619    -0.000000 -0.7058285720 -0.0424973766 +0.0424973766 +0.7058285720 +0.00000 +0.00045 +0.00000     991.283  1.11078 +1.4153010 +0.24753  +10011.36    +0.005206  +420.381387
    53.4 +6388175.789    +8045.540       -0.000  +327.642571   +51.702219    -0.000000 -0.7058295046 -0.0424818829 +0.0424818829 +0.7058295046 +0.00000 +0.00044 +0.00000     991.283  1.10739 +1.4155457 +0.24371  +10043.86    +0.005310  +414.417724
    53.5 +6388209.158    +8050.802       -0.000  +326.622412   +51.459385    -0.000000 -0.7058304457 -0.0424662440 +0.0424662440 +0.7058304457 +0.00000 +0.00043 +0.00000     991.283  1.10391 +1.4157910 +0.24062  +10077.23    +0.005418  +408.312866
    53.6 +6388241.446    +8055.885       -0.000  +325.632324   +51.227092    -0.000000 -0.7058313414 -0.0424513549 +0.0424513549 +0.7058313414 +0.00000 +0.00042 +0.00000     991.283  1.10211 +1.4160205 +0.23653  +10109.53    +0.005580  +401.083565
    53.7 +6388273.636    +8060.945       -0.000  +324.642424   +50.999304    -0.000000 -0.7058322215 -0.0424367188 +0.0424367188 +0.7058322215 +0.00000 +0.00042 +0.00000     991.283  1.09873 +1.4162379 +0.23292  +10141.72    +0.005669  +395.287856
    53.8 +6388306.700    +8066.136       -0.000  +323.622539   +50.767151    -0.000000 -0.7058331136 -0.0424218773 +0.0424218773 +0.7058331136 +0.00000 +0.00041 +0.00000     991.283  1.09524 +1.4164556 +0.23017  +10174.79    +0.005762  +389.354764
    53.9 +6388338.691    +8071.151       -0.000  +322.632721   +50.544795    -0.000000 -0.7058339666 -0.0424076830 +0.0424076830 +0.7058339666 +0.00000 +0.00040 +0.00000     991.283  1.09344 +1.4166593 +0.22638  +10206.79    +0.005915  +382.413619
    54.0 +6388370.584    +8076.144       -0.000  +321.643122   +50.326796    -0.000000 -0.7058348085 -0.0423936685 +0.0423936685 +0.7058348085 +0.00000 +0.00040 +0.00000     991.283  1.09006 +1.4168512 +0.22297  +10238.69    +0.005991  +376.780849
    54.1 +6388403.341    +8081.267       -0.000  +320.623568   +50.104497    -0.000000 -0.7058356657 -0.0423793945 +0.0423793945 +0.7058356657 +0.00000 +0.00039 +0.00000     991.283  1.08658 +1.4170431 +0.22060  +10271.45    +0.006070  +371.014412
    54.2 +6388435.035    +8086.217       -0.000  +319.634057   +49.891158    -0.000000 -0.7058364887 -0.0423656838 +0.0423656838 +0.7058364887 +0.00000 +0.00039 +0.00000     991.283  1.08477 +1.4172231 +0.21708  +10303.15    +0.006216  +364.352600
    54.3 +6388466.631    +8091.146       -0.000  +318.644809   +49.682197    -0.000000 -0.7058373044 -0.0423520918 +0.0423520918 +0.7058373044 +0.00000 +0.00039 +0.00000     991.283  1.08139 +1.4173910 +0.21376  +10334.76    +0.006281  +358.877958
    54.4 +6388499.083    +8096.203       -0.000  +317.625633   +49.468999    -0.000000 -0.7058381384 -0.0423381913 +0.0423381913 +0.7058381384 +0.00000 +0.00038 +0.00000     991.283  1.07791 +1.4175587 +0.21172  +10367.21    +0.006348  +353.273272
    54.5 +6388530.480    +8101.091       -0.000  +316.636483   +49.264064    -0.000000 -0.7058389423 -0.0423247863 +0.0423247863 +0.7058389423 +0.00000 +0.00038 +0.00000     991.283  1.07453 +1.4177163 +0.20853  +10398.62    +0.006407  +347.867969
    54.6 +6388561.780    +8105.958       -0.000  +315.647614   +49.063309    -0.000000 -0.7058397419 -0.0423114490 +0.0423114490 +0.7058397419 +0.00000 +0.00038 +0.00000     991.283  1.07271 +1.4178622 +0.20533  +10429.92    +0.006543  +341.561258
    54.7 +6388593.925    +8110.952       -0.000  +314.628857   +48.858525    -0.000000 -0.7058405624 -0.0422977590 +0.0422977590 +0.7058405624 +0.00000 +0.00038 +0.00000     991.283  1.06923 +1.4180070 +0.20340  +10462.07    +0.006598  +336.113604
    54.8 +6388625.026    +8115.780       -0.000  +313.640128   +48.661575    -0.000000 -0.7058413562 -0.0422845105 +0.0422845105 +0.7058413562 +0.00000 +0.00038 +0.00000     991.283  1.06585 +1.4181429 +0.20064  +10493.18    +0.006649  +330.859637
    54.9 +6388656.029    +8120.588       -0.000  +312.651645   +48.468127    -0.000000 -0.7058421483 -0.0422712873 +0.0422712873 +0.7058421483 +0.00000 +0.00038 +0.00000     991.283  1.06402 +1.4182689 +0.19766  +10524.19    +0.006779  +324.813466
    55.0 +6388687.869    +8125.522       -0.000  +311.633344   +48.271131    -0.000000 -0.7058429636 -0.0422576715 +0.0422576715 +0.7058429636 +0.00000 +0.00038 +0.00000     991.283  1.06054 +1.4183923 +0.19568  +10556.04    +0.006825  +319.518304
    55.1 +6388718.673    +8130.292       -0.000  +310.645069   +48.081573    -0.000000 -0.7058437547 -0.0422444552 +0.0422444552 +0.7058437547 +0.00000 +0.00038 +0.00000     991.283  1.05716 +1.4185077 +0.19337  +10586.85    +0.006868  +314.411306
    55.2 +6388749.380    +8135.043       -0.000  +309.656999   +47.894823    -0.000000 -0.7058445462 -0.0422312285 +0.0422312285 +0.7058445462 +0.00000 +0.00038 +0.00000     991.283  1.05533 +1.4186151 +0.19058  +10617.56    +0.006994  +308.617906
    55.3 +6388780.915    +8139.919       -0.000  +308.639182   +47.705044    -0.000000 -0.7058453630 -0.0422175739 +0.0422175739 +0.7058453630 +0.00000 +0.00038 +0.00000     991.283  1.05185 +1.4187182 +0.18853  +10649.10    +0.007032  +303.470858
    55.4 +6388811.422    +8144.633       -0.000  +307.651389   +47.522339    -0.000000 -0.7058461576 -0.0422042867 +0.0422042867 +0.7058461576 +0.00000 +0.00038 +0.00000     991.283  1.04847 +1.4188143 +0.18666  +10679.61    +0.007068  +298.506619
    55.5 +6388841.832    +8149.329       -0.000  +306.663752   +47.341732    -0.000000 -0.7058469543 -0.0421909594 +0.0421909594 +0.7058469543 +0.00000 +0.00038 +0.00000     991.283  1.04663 +1.4189043 +0.18405  +10710.03    +0.007191  +292.958470
    55.6 +6388873.062    +8154.149       -0.000  +305.646446   +47.158649    -0.000000 -0.7058477783 -0.0421771727 +0.0421771727 +0.7058477783 +0.00000 +0.00038 +0.00000     991.283  1.04315 +1.4189883 +0.18188  +10741.27    +0.007222  +287.955310
    55.7 +6388903.273    +8158.809       -0.000  +304.659156   +46.982306    -0.000000 -0.7058485814 -0.0421637299 +0.0421637299 +0.7058485814 +0.00000 +0.00039 +0.00000     991.283  1.03977 +1.4190660 +0.18046  +10771.48    +0.007252  +283.129766
    55.8 +6388933.387    +8163.452       -0.000  +303.671971   +46.807335    -0.000000 -0.7058493882 -0.0421502221 +0.0421502221 +0.7058493882 +0.00000 +0.00039 +0.00000     991.283  1.03792 +1.4191398 +0.17801  +10801.60    +0.007281  +277.819580
    55.9 +6388964.311    +8168.217       -0.000  +302.655195   +46.630473    -0.000000 -0.7058502237 -0.0421362274 +0.0421362274 +0.7058502237 +0.00000 +0.00039 +0.00000     991.283  1.03443 +1.4192056 +0.17570  +10832.53    +0.007397  +272.956227
    56.0 +6388994.227    +8172.825       -0.000  +301.668429   +46.460044    -0.000000 -0.7058510395 -0.0421225602 +0.0421225602 +0.7058510395 +0.00000 +0.00039 +0.00000     991.283  1.03106 +1.4192659 +0.17444  +10862.45    +0.007422  +268.265451
    56.1 +6389024.045    +8177.417       -0.000  +300.681767   +46.290803    -0.000000 -0.7058518601 -0.0421088073 +0.0421088073 +0.7058518601 +0.00000 +0.00039 +0.00000     991.283  1.02768 +1.4193227 +0.17242  +10892.28    +0.007446  +263.603563
    56.2 +6389054.664    +8182.130       -0.000  +299.665480   +46.119176    -0.000000 -0.7058527109 -0.0420945427 +0.0420945427 +0.7058527109 +0.00000 +0.00040 +0.00000     991.283  1.02571 +1.4193729 +0.17022  +10922.90    +0.007560  +258.458671
    56.3 +6389084.284    +8186.688       -0.000  +298.679251   +45.954252    -0.000000 -0.7058535425 -0.0420805958 +0.0420805958 +0.7058535425 +0.00000 +0.00040 +0.00000     991.283  1.02233 +1.4194166 +0.16879  +10952.53    +0.007580  +253.898864
    56.4 +6389113.805    +8191.229       -0.000  +297.693134   +45.790407    -0.000000 -0.7058543799 -0.0420665466 +0.0420665466 +0.7058543799 +0.00000 +0.00040 +0.00000     991.283  1.01896 +1.4194571 +0.16728  +10982.06    +0.007600  +249.367070
    56.5 +6389144.120    +8195.892       -0.000  +296.677333   +45.623476    -0.000000 -0.7058552490 -0.0420519622 +0.0420519622 +0.7058552490 +0.00000 +0.00041 +0.00000     991.283  1.01698 +1.4194930 +0.16521  +11012.38    +0.007713  +244.444807
    56.6 +6389173.444    +8200.401       -0.000  +295.691653   +45.463688    -0.000000 -0.7058560990 -0.0420376923 +0.0420376923 +0.7058560990 +0.00000 +0.00041 +0.00000     991.283  1.01360 +1.4195208 +0.16352  +11041.71    +0.007729  +240.003975
    56.7 +6389202.670    +8204.894       -0.000  +294.706090   +45.304881    -0.000000 -0.7058569556 -0.0420233066 +0.0420233066 +0.7058569556 +0.00000 +0.00041 +0.00000     991.283  1.01022 +1.4195456 +0.16246  +11070.94    +0.007746  +235.590473
    56.8 +6389232.680    +8209.507       -0.000  +293.690792   +45.142337    -0.000000 -0.7058578451 -0.0420083632 +0.0420083632 +0.7058578451 +0.00000 +0.00042 +0.00000     991.283  1.00702 +1.4195678 +0.16033  +11100.95    +0.007759  +228.145915
    56.9 +6389261.708    +8213.969       -0.000  +292.705707   +44.987704    -0.000000 -0.7058587155 -0.0419937354 +0.0419937354 +0.7058587155 +0.00000 +0.00042 +0.00000     991.283  1.00364 +1.4195792 +0.15823  +11129.99    +0.007889  +223.850010
    57.0 +6389290.638    +8218.415       -0.000  +291.720744   +44.833953    -0.000000 -0.7058595932 -0.0419789796 +0.0419789796 +0.7058595932 +0.00000 +0.00042 +0.00000     991.283  1.00026 +1.4195879 +0.15730  +11158.92    +0.007902  +219.580467
    57.1 +6389320.344    +8222.980       -0.000  +290.706062   +44.676451    -0.000000 -0.7058605051 -0.0419636432 +0.0419636432 +0.7058605051 +0.00000 +0.00043 +0.00000     991.283  0.99678 +1.4195938 +0.15575  +11188.63    +0.007912  +215.208920
    57.2 +6389349.076    +8227.396       -0.000  +289.721484   +44.525743    -0.000000 -0.7058613976 -0.0419486272 +0.0419486272 +0.7058613976 +0.00000 +0.00043 +0.00000     991.283  0.99340 +1.4195925 +0.15370  +11217.37    +0.008047  +207.736661
    57.3 +6389377.711    +8231.797       -0.000  +288.737133   +44.376792    -0.000000 -0.7058622980 -0.0419334748 +0.0419334748 +0.7058622980 +0.00000 +0.00044 +0.00000     991.283  0.99003 +1.4195853 +0.15236  +11246.01    +0.008057  +203.612924
    57.4 +6389407.112    +8236.316       -0.000  +287.723083   +44.224144    -0.000000 -0.7058632337 -0.0419177202 +0.0419177202 +0.7058632337 +0.00000 +0.00044 +0.00000     991.283  0.98655 +1.4195751 +0.15142  +11275.42    +0.008064  +199.390557
    57.5 +6389435.550    +8240.687       -0.000  +286.739015   +44.077028    -0.000000 -0.7058641498 -0.0419022914 +0.0419022914 +0.7058641498 +0.00000 +0.00044 +0.00000     991.283  0.98318 +1.4195617 +0.14950  +11303.86    +0.008201  +192.303037
    57.6 +6389463.890    +8245.044       -0.000  +285.755274   +43.932563    -0.000000 -0.7058650739 -0.0418867222 +0.0418867222 +0.7058650739 +0.00000 +0.00045 +0.00000     991.283  0.97981 +1.4195392 +0.14775  +11332.21    +0.008208  +188.319751
    57.7 +6389492.987    +8249.517       -0.000  +284.741857   +43.784454    -0.000000 -0.7058660345 -0.0418705312 +0.0418705312 +0.7058660345 +0.00000 +0.00045 +0.00000     991.283  0.97634 +1.4195135 +0.14702  +11361.31    +0.008211  +184.241092
    57.8 +6389521.129    +8253.845       -0.000  +283.758378   +43.641400    -0.000000 -0.7058669750 -0.0418546726 +0.0418546726 +0.7058669750 +0.00000 +0.00046 +0.00000     991.283  0.97297 +1.4194861 +0.14563  +11389.46    +0.008220  +180.306809
    57.9 +6389549.174    +8258.159       -0.000  +282.775159   +43.500301    -0.000000 -0.7058679235 -0.0418386726 +0.0418386726 +0.7058679235 +0.00000 +0.00046 +0.00000     991.283  0.96961 +1.4194518 +0.14384  +11417.51    +0.008356  +173.674826
    58.0 +6389577.967    +8262.589       -0.000  +281.762371   +43.356447    -0.000000 -0.7058689096 -0.0418220336 +0.0418220336 +0.7058689096 +0.00000 +0.00046 +0.00000     991.283  0.96614 +1.4194110 +0.14276  +11446.31    +0.008357  +169.734623
    58.1 +6389605.814    +8266.874       -0.000  +280.779504   +43.217453    -0.000000 -0.7058698750 -0.0418057357 +0.0418057357 +0.7058698750 +0.00000 +0.00047 +0.00000     991.283  0.96278 +1.4193691 +0.14204  +11474.16    +0.008363  +165.933799
    58.2 +6389633.564    +8271.146       -0.000  +279.796780   +43.079193    -0.000000 -0.7058708486 -0.0417892941 +0.0417892941 +0.7058708486 +0.00000 +0.00047 +0.00000     991.283  0.95941 +1.4193244 +0.14033  +11501.92    +0.008502  +159.653129
    58.3 +6389662.053    +8275.533       -0.000  +278.784615   +42.939337    -0.000000 -0.7058718603 -0.0417722009 +0.0417722009 +0.7058718603 +0.00000 +0.00048 +0.00000     991.283  0.95595 +1.4192691 +0.13875  +11530.41    +0.008501  +155.846339
    58.4 +6389689.606    +8279.778       -0.000  +277.802354   +42.804159    -0.000000 -0.7058728509 -0.0417554591 +0.0417554591 +0.7058728509 +0.00000 +0.00048 +0.00000     991.283  0.95259 +1.4192131 +0.13817  +11557.97    +0.008506  +152.174117
    58.5 +6389717.061    +8284.009       -0.000  +276.820225   +42.669531    -0.000000 -0.7058738497 -0.0417385711 +0.0417385711 +0.7058738497 +0.00000 +0.00049 +0.00000     991.283  0.94923 +1.4191548 +0.13710  +11585.43    +0.008512  +148.524005
    58.6 +6389745.246    +8288.355       -0.000  +275.808568   +42.532349    -0.000000 -0.7058748873 -0.0417210202 +0.0417210202 +0.7058748873 +0.00000 +0.00049 +0.00000     991.283  0.94577 +1.4190890 +0.13553  +11613.62    +0.008646  +142.552346
    58.7 +6389772.504    +8292.559       -0.000  +274.826905   +42.400769    -0.000000 -0.7058759028 -0.0417038341 +0.0417038341 +0.7058759028 +0.00000 +0.00049 +0.00000     991.283  0.94242 +1.4190193 +0.13445  +11640.89    +0.008650  +139.004060
    58.8 +6389799.665    +8296.750       -0.000  +273.845375   +42.269682    -0.000000 -0.7058769267 -0.0416865003 +0.0416865003 +0.7058769267 +0.00000 +0.00050 +0.00000     991.283  0.93906 +1.4189474 +0.13392  +11668.05    +0.008655  +135.477052
    58.9 +6389827.547    +8301.055       -0.000  +272.834241   +42.135133    -0.000000 -0.7058779901 -0.0416684899 +0.0416684899 +0.7058779901 +0.00000 +0.00050 +0.00000     991.283  0.93561 +1.4188710 +0.13259  +11695.94    +0.008655  +131.865263
    59.0 +6389854.511    +8305.220       -0.000  +271.853139   +42.006657    -0.000000 -0.7058790305 -0.0416508621 +0.0416508621 +0.7058790305 +0.00000 +0.00051 +0.00000     991.283  0.93225 +1.4187889 +0.13109  +11722.91    +0.008795  +126.400909
    59.1 +6389881.377    +8309.373       -0.000  +270.872198   +41.878918    -0.000000 -0.7058800791 -0.0416330862 +0.0416330862 +0.7058800791 +0.00000 +0.00051 +0.00000     991.283  0.92890 +1.4187036 +0.13046  +11749.78    +0.008799  +122.992553
    59.2 +6389908.956    +8313.638       -0.000  +269.861671   +41.747768    -0.000000 -0.7058811680 -0.0416146200 +0.0416146200 +0.7058811680 +0.00000 +0.00052 +0.00000     991.283  0.92545 +1.4186135 +0.12986  +11777.36    +0.008799  +119.502183
    59.3 +6389935.625    +8317.765       -0.000  +268.881027   +41.621199    -0.000000 -0.7058822330 -0.0415965528 +0.0415965528 +0.7058822330 +0.00000 +0.00052 +0.00000     991.283  0.92210 +1.4185228 +0.12843  +11804.04    +0.008944  +114.342776
    59.4 +6389962.197    +8321.880       -0.000  +267.900665   +41.496633    -0.000000 -0.7058833059 -0.0415783412 +0.0415783412 +0.7058833059 +0.00000 +0.00052 +0.00000     991.283  0.91875 +1.4184243 +0.12718  +11830.62    +0.008947  +111.048794
    59.5 +6389989.473    +8326.106       -0.000  +266.890733   +41.368706    -0.000000 -0.7058844198 -0.0415594264 +0.0415594264 +0.7058844198 +0.00000 +0.00053 +0.00000     991.283  0.91530 +1.4183207 +0.12676  +11857.90    +0.008947  +107.675466
    59.6 +6390015.848    +8330.195       -0.000  +265.910640   +41.244938    -0.000000 -0.7058855088 -0.0415409244 +0.0415409244 +0.7058855088 +0.00000 +0.00053 +0.00000     991.283  0.91196 +1.4182179 +0.12598  +11884.28    +0.008953  +104.421084
    59.7 +6390042.127    +8334.273       -0.000  +264.930744   +41.122274    -0.000000 -0.7058866056 -0.0415222837 +0.0415222837 +0.7058866056 +0.00000 +0.00054 +0.00000     991.283  0.90861 +1.4181105 +0.12462  +11910.56    +0.009100   +99.624904
    59.8 +6390069.100    +8338.461       -0.000  +263.921396   +40.997410    -0.000000 -0.7058877438 -0.0415029297 +0.0415029297 +0.7058877438 +0.00000 +0.00054 +0.00000     991.283  0.90517 +1.4179934 +0.12368  +11937.54    +0.009099   +96.364411
    59.9 +6390095.181    +8342.514       -0.000  +262.941868   +40.876577    -0.000000 -0.7058888564 -0.0414840023 +0.0414840023 +0.7058888564 +0.00000 +0.00054 +0.00000     991.283  0.90182 +1.4178777 +0.12331  +11963.63    +0.009105   +93.218806
    60.0 +6390121.165    +8346.555       -0.000  +261.962471   +40.756093    -0.000000 -0.7058899765 -0.0414649379 +0.0414649379 +0.7058899765 +0.00000 +0.00055 +0.00000     991.283  0.89848 +1.4177600 +0.12239  +11989.62    +0.009112   +90.091777
    60.1 +6390147.835    +8350.706       -0.000  +260.953627   +40.633393    -0.000000 -0.7058911383 -0.0414451546 +0.0414451546 +0.7058911383 +0.00000 +0.00055 +0.00000     991.283  0.89504 +1.4176324 +0.12113  +12016.29    +0.009256   +85.549113
    60.2 +6390173.623    +8354.723       -0.000  +259.974651   +40.515359    -0.000000 -0.7058922737 -0.0414258129 +0.0414258129 +0.7058922737 +0.00000 +0.00056 +0.00000     991.283  0.89170 +1.4175039 +0.12041  +12042.08    +0.009263   +82.508386
    60.3 +6390199.313    +8358.728       -0.000  +258.995805   +40.397640    -0.000000 -0.7058934164 -0.0414063356 +0.0414063356 +0.7058934164 +0.00000 +0.00056 +0.00000     991.283  0.88836 +1.4173732 +0.12007  +12067.78    +0.009270   +79.485541
    60.4 +6390225.681    +8362.843       -0.000  +257.987433   +40.276682    -0.000000 -0.7058946014 -0.0413861297 +0.0413861297 +0.7058946014 +0.00000 +0.00056 +0.00000     991.283  0.88492 +1.4172364 +0.11907  +12094.15    +0.009274   +76.389667
    60.5 +6390251.175    +8366.825       -0.000  +257.008960   +40.160902    -0.000000 -0.7058957587 -0.0413663851 +0.0413663851 +0.7058957587 +0.00000 +0.00057 +0.00000     991.283  0.88158 +1.4170965 +0.11785  +12119.65    +0.009427   +72.270873
    60.6 +6390276.572    +8370.795       -0.000  +256.030650   +40.045828    -0.000000 -0.7058969233 -0.0413465069 +0.0413465069 +0.7058969233 +0.00000 +0.00057 +0.00000     991.283  0.87825 +1.4169530 +0.11733  +12145.05    +0.009435   +69.348486
    60.7 +6390302.637    +8374.874       -0.000  +255.022829   +39.927563    -0.000000 -0.7058981306 -0.0413258897 +0.0413258897 +0.7058981306 +0.00000 +0.00057 +0.00000     991.283  0.87481 +1.4168030 +0.11703  +12171.12    +0.009439   +66.355420
    60.8 +6390327.837    +8378.821       -0.000  +254.044779   +39.813063    -0.000000 -0.7058993094 -0.0413057498 +0.0413057498 +0.7058993094 +0.00000 +0.00058 +0.00000     991.283  0.87147 +1.4166552 +0.11599  +12196.33    +0.009450   +63.467615
    60.9 +6390352.941    +8382.757       -0.000  +253.066971   +39.700268    -0.000000 -0.7059004950 -0.0412854833 +0.0412854833 +0.7059004950 +0.00000 +0.00058 +0.00000     991.283  0.86814 +1.4164998 +0.11483  +12221.44    +0.009607   +59.662482
    61.0 +6390378.704    +8386.801       -0.000  +252.059687   +39.584587    -0.000000 -0.7059017238 -0.0412644682 +0.0412644682 +0.7059017238 +0.00000 +0.00059 +0.00000     991.283  0.86471 +1.4163365 +0.11443  +12247.21    +0.009611   +56.768557
    61.1 +6390403.611    +8390.715       -0.000  +251.082155   +39.472569    -0.000000 -0.7059029233 -0.0412439438 +0.0412439438 +0.7059029233 +0.00000 +0.00059 +0.00000     991.283  0.86138 +1.4161758 +0.11415  +12272.12    +0.009623   +53.976334
    61.2 +6390428.421    +8394.617       -0.000  +250.104749   +39.360805    -0.000000 -0.7059041293 -0.0412232975 +0.0412232975 +0.7059041293 +0.00000 +0.00059 +0.00000     991.283  0.85805 +1.4160130 +0.11315  +12296.93    +0.009636   +51.200336
    61.3 +6390453.882    +8398.626       -0.000  +249.097965   +39.247360    -0.000000 -0.7059053786 -0.0412018984 +0.0412018984 +0.7059053786 +0.00000 +0.00060 +0.00000     991.283  0.85462 +1.4158373 +0.11205  +12322.40    +0.009793   +47.611748
    61.4 +6390478.495    +8402.506       -0.000  +248.120937   +39.137730    -0.000000 -0.7059065979 -0.0411810035 +0.0411810035 +0.7059065979 +0.00000 +0.00060 +0.00000     991.283  0.85129 +1.4156637 +0.11168  +12347.02    +0.009805   +44.911705
    61.5 +6390503.012    +8406.376       -0.000  +247.144032   +39.028332    -0.000000 -0.7059078236 -0.0411599882 +0.0411599882 +0.7059078236 +0.00000 +0.00060 +0.00000     991.283  0.84796 +1.4154878 +0.11143  +12371.54    +0.009819   +42.227281
    61.6 +6390528.171    +8410.351       -0.000  +246.137652   +38.915861    -0.000000 -0.7059090928 -0.0411382139 +0.0411382139 +0.7059090928 +0.00000 +0.00061 +0.00000     991.283  0.84453 +1.4153043 +0.11049  +12396.71    +0.009829   +39.477731
    61.7 +6390552.492    +8414.199       -0.000  +245.161094   +38.808290    -0.000000 -0.7059103310 -0.0411169620 +0.0411169620 +0.7059103310 +0.00000 +0.00061 +0.00000     991.283  0.84120 +1.4151186 +0.10941  +12421.03    +0.009997   +36.257245
    61.8 +6390576.716    +8418.035       -0.000  +244.184675   +38.701175    -0.000000 -0.7059115754 -0.0410955917 +0.0410955917 +0.7059115754 +0.00000 +0.00061 +0.00000     991.283  0.83788 +1.4149296 +0.10906  +12445.26    +0.010012   +33.661143
    61.9 +6390601.573    +8421.978       -0.000  +243.178793   +38.591034    -0.000000 -0.7059128639 -0.0410734534 +0.0410734534 +0.7059128639 +0.00000 +0.00062 +0.00000     991.283  0.83445 +1.4147325 +0.10883  +12470.12    +0.010022   +31.001985
    62.0 +6390625.601    +8425.793       -0.000  +242.202617   +38.484348    -0.000000 -0.7059141204 -0.0410518525 +0.0410518525 +0.7059141204 +0.00000 +0.00062 +0.00000     991.283  0.83113 +1.4145389 +0.10802  +12494.16    +0.010040   +28.436086
    62.1 +6390649.532    +8429.598       -0.000  +241.226638   +38.379011    -0.000000 -0.7059153827 -0.0410301410 +0.0410301410 +0.7059153827 +0.00000 +0.00062 +0.00000     991.283  0.82781 +1.4143384 +0.10699  +12518.09    +0.010215   +25.486123
    62.2 +6390674.088    +8433.507       -0.000  +240.221238   +38.271126    -0.000000 -0.7059166894 -0.0410076532 +0.0410076532 +0.7059166894 +0.00000 +0.00063 +0.00000     991.283  0.82438 +1.4141276 +0.10657  +12542.65    +0.010227   +22.914154
    62.3 +6390697.823    +8437.291       -0.000  +239.245527   +38.166611    -0.000000 -0.7059179635 -0.0409857148 +0.0409857148 +0.7059179635 +0.00000 +0.00063 +0.00000     991.283  0.82106 +1.4139205 +0.10636  +12566.39    +0.010246   +20.432316
    62.4 +6390721.461    +8441.064       -0.000  +238.269933   +38.062290    -0.000000 -0.7059192431 -0.0409636692 +0.0409636692 +0.7059192431 +0.00000 +0.00063 +0.00000     991.283  0.81774 +1.4137111 +0.10568  +12590.04    +0.010266   +17.964647
    62.5 +6390745.715    +8444.942       -0.000  +237.264956   +37.955939    -0.000000 -0.7059205672 -0.0409408454 +0.0409408454 +0.7059205672 +0.00000 +0.00064 +0.00000     991.283  0.81432 +1.4134890 +0.10470  +12614.29    +0.010442   +15.199207
    62.6 +6390769.157    +8448.694       -0.000  +236.289694   +37.853530    -0.000000 -0.7059218580 -0.0409185832 +0.0409185832 +0.7059218580 +0.00000 +0.00064 +0.00000     991.283  0.81100 +1.4132684 +0.10417  +12637.74    +0.010462   +12.798457
    62.7 +6390792.503    +8452.437       -0.000  +235.314547   +37.751300    -0.000000 -0.7059231542 -0.0408962152 +0.0408962152 +0.7059231542 +0.00000 +0.00064 +0.00000     991.283  0.80769 +1.4130453 +0.10398  +12661.09    +0.010484   +10.411345
    62.8 +6390816.456    +8456.282       -0.000  +234.309967   +37.646161    -0.000000 -0.7059244951 -0.0408730621 +0.0408730621 +0.7059244951 +0.00000 +0.00064 +0.00000     991.283  0.80427 +1.4128128 +0.10354  +12685.05    +0.010503    +7.966060
    62.9 +6390839.605    +8460.004       -0.000  +233.335078   +37.544796    -0.000000 -0.7059258018 -0.0408504883 +0.0408504883 +0.7059258018 +0.00000 +0.00065 +0.00000     991.283  0.80095 +1.4125825 +0.10257  +12708.21    +0.010692    +5.520076
    63.0 +6390862.659    +8463.716       -0.000  +232.360362   +37.444599    -0.000000 -0.7059271136 -0.0408278120 +0.0408278120 +0.7059271136 +0.00000 +0.00065 +0.00000     991.283  0.79764 +1.4123455 +0.10188  +12731.26    +0.010715    +3.210677
    63.1 +6390886.310    +8467.531       -0.000  +231.356223   +37.341541    -0.000000 -0.7059284706 -0.0408043425 +0.0408043425 +0.7059284706 +0.00000 +0.00065 +0.00000     991.283  0.79422 +1.4120985 +0.10170  +12754.92    +0.010734    +0.844929
    63.2 +6390909.167    +8471.223       -0.000  +230.381730   +37.241683    -0.000000 -0.7059297927 -0.0407814633 +0.0407814633 +0.7059297927 +0.00000 +0.00066 +0.00000     991.283  0.79091 +1.4118562 +0.10152  +12777.78    +0.010761    -1.438102
    63.3 +6390931.928    +8474.905       -0.000  +229.407345   +37.141994    -0.000000 -0.7059311196 -0.0407584884 +0.0407584884 +0.7059311196 +0.00000 +0.00066 +0.00000     991.283  0.78759 +1.4116111 +0.10057  +12800.55    +0.010790    -3.708284
    63.4 +6390955.278    +8478.688       -0.000  +228.403631   +37.040965    -0.000000 -0.7059324917 -0.0407347165 +0.0407347165 +0.7059324917 +0.00000 +0.00066 +0.00000     991.283  0.78418 +1.4113494 +0.09966  +12823.90    +0.010980    -5.940108
    63.5 +6390977.844    +8482.351       -0.000  +227.429547   +36.943065    -0.000000 -0.7059338284 -0.0407115450 +0.0407115450 +0.7059338284 +0.00000 +0.00066 +0.00000     991.283  0.78087 +1.4110926 +0.09949  +12846.47    +0.011008    -8.149157
    63.6 +6391000.312    +8486.003       -0.000  +226.455569   +36.845322    -0.000000 -0.7059351698 -0.0406882788 +0.0406882788 +0.7059351698 +0.00000 +0.00067 +0.00000     991.283  0.77756 +1.4108331 +0.09932  +12868.95    +0.011038   -10.345838
    63.7 +6391023.361    +8489.757       -0.000  +225.452187   +36.744782    -0.000000 -0.7059365566 -0.0406642115 +0.0406642115 +0.7059365566 +0.00000 +0.00067 +0.00000     991.283  0.77415 +1.4105627 +0.09869  +12892.00    +0.011065   -12.596245
    63.8 +6391045.634    +8493.390       -0.000  +224.478470   +36.648272    -0.000000 -0.7059379070 -0.0406407602 +0.0406407602 +0.7059379070 +0.00000 +0.00067 +0.00000     991.283  0.77084 +1.4102934 +0.09778  +12914.28    +0.011270   -14.539841
    63.9 +6391067.811    +8497.013       -0.000  +223.504882   +36.552431    -0.000000 -0.7059392621 -0.0406172158 +0.0406172158 +0.7059392621 +0.00000 +0.00068 +0.00000     991.283  0.76753 +1.4100189 +0.09736  +12936.46    +0.011301   -16.665611
    64.0 +6391090.559    +8500.737       -0.000  +222.501900   +36.453841    -0.000000 -0.7059406629 -0.0405928626 +0.0405928626 +0.7059406629 +0.00000 +0.00068 +0.00000     991.283  0.76412 +1.4097331 +0.09720  +12959.21    +0.011329   -18.843439
    64.1 +6391112.540    +8504.341       -0.000  +221.528520   +36.358303    -0.000000 -0.7059420268 -0.0405691360 +0.0405691360 +0.7059420268 +0.00000 +0.00068 +0.00000     991.283  0.76081 +1.4094526 +0.09695  +12981.20    +0.011365   -20.945305
    64.2 +6391134.424    +8507.936       -0.000  +220.555250   +36.263086    -0.000000 -0.7059433949 -0.0405453235 +0.0405453235 +0.7059433949 +0.00000 +0.00068 +0.00000     991.283  0.75750 +1.4091683 +0.09606  +13003.09    +0.011580   -22.680081
    64.3 +6391156.871    +8511.630       -0.000  +219.552651   +36.166405    -0.000000 -0.7059448088 -0.0405206980 +0.0405206980 +0.7059448088 +0.00000 +0.00069 +0.00000     991.283  0.75410 +1.4088666 +0.09528  +13025.54    +0.011610   -24.787883
    64.4 +6391178.560    +8515.206       -0.000  +218.579640   +36.072711    -0.000000 -0.7059461854 -0.0404967075 +0.0404967075 +0.7059461854 +0.00000 +0.00069 +0.00000     991.283  0.75079 +1.4085706 +0.09513  +13047.23    +0.011647   -26.822231
    64.5 +6391200.153    +8518.773       -0.000  +217.606728   +35.979161    -0.000000 -0.7059475661 -0.0404726318 +0.0404726318 +0.7059475661 +0.00000 +0.00069 +0.00000     991.283  0.74749 +1.4082713 +0.09498  +13068.83    +0.011685   -28.845372
    64.6 +6391222.299    +8522.438       -0.000  +216.604436   +35.882927    -0.000000 -0.7059489927 -0.0404477399 +0.0404477399 +0.7059489927 +0.00000 +0.00069 +0.00000     991.283  0.74408 +1.4079597 +0.09443  +13090.98    +0.011721   -30.918184
    64.7 +6391243.696    +8525.986       -0.000  +215.631754   +35.790460    -0.000000 -0.7059503813 -0.0404234974 +0.0404234974 +0.7059503813 +0.00000 +0.00069 +0.00000     991.283  0.74078 +1.4076503 +0.09356  +13112.38    +0.011946   -32.410661
    64.8 +6391264.997    +8529.525       -0.000  +214.659193   +35.698712    -0.000000 -0.7059517739 -0.0403991707 +0.0403991707 +0.7059517739 +0.00000 +0.00070 +0.00000     991.283  0.73748 +1.4073350 +0.09312  +13133.69    +0.011986   -34.369078
    64.9 +6391286.843    +8533.161       -0.000  +213.657259   +35.604327    -0.000000 -0.7059532127 -0.0403740206 +0.0403740206 +0.7059532127 +0.00000 +0.00070 +0.00000     991.283  0.73408 +1.4070065 +0.09297  +13155.54    +0.012024   -36.375646
    65.0 +6391307.948    +8536.682       -0.000  +212.684889   +35.512860    -0.000000 -0.7059546129 -0.0403495288 +0.0403495288 +0.7059546129 +0.00000 +0.00070 +0.00000     991.283  0.73077 +1.4066842 +0.09282  +13176.65    +0.012068   -38.312409
    65.1 +6391328.957    +8540.193       -0.000  +211.712612   +35.421535    -0.000000 -0.7059560168 -0.0403249592 +0.0403249592 +0.7059560168 +0.00000 +0.00070 +0.00000     991.283  0.72747 +1.4063585 +0.09206  +13197.66    +0.012115   -40.238625
    65.2 +6391350.502    +8543.801       -0.000  +210.711015   +35.328807    -0.000000 -0.7059574670 -0.0402995634 +0.0402995634 +0.7059574670 +0.00000 +0.00071 +0.00000     991.283  0.72407 +1.4060135 +0.09123  +13219.21    +0.012345   -41.560596
    65.3 +6391371.316    +8547.295       -0.000  +209.738975   +35.239098    -0.000000 -0.7059588783 -0.0402748334 +0.0402748334 +0.7059588783 +0.00000 +0.00071 +0.00000     991.283  0.72077 +1.4056743 +0.09101  +13240.03    +0.012391   -43.435727
    65.4 +6391392.034    +8550.779       -0.000  +208.767025   +35.149526    -0.000000 -0.7059602931 -0.0402500256 +0.0402500256 +0.7059602931 +0.00000 +0.00071 +0.00000     991.283  0.71748 +1.4053314 +0.09086  +13260.75    +0.012440   -45.300711
    65.5 +6391413.278    +8554.360       -0.000  +207.765715   +35.057382    -0.000000 -0.7059617544 -0.0402243869 +0.0402243869 +0.7059617544 +0.00000 +0.00071 +0.00000     991.283  0.71408 +1.4049741 +0.09064  +13282.00    +0.012486   -47.211673
    65.6 +6391433.800    +8557.826       -0.000  +206.793950   +34.968250    -0.000000 -0.7059631761 -0.0401994278 +0.0401994278 +0.7059631761 +0.00000 +0.00072 +0.00000     991.283  0.71078 +1.4046228 +0.08982  +13302.53    +0.012735   -48.299476
    65.7 +6391454.226    +8561.284       -0.000  +205.822312   +34.880403    -0.000000 -0.7059646012 -0.0401743936 +0.0401743936 +0.7059646012 +0.00000 +0.00072 +0.00000     991.283  0.70748 +1.4042623 +0.08908  +13322.96    +0.012785   -50.105374
    65.8 +6391475.171    +8564.837       -0.000  +204.821321   +34.790034    -0.000000 -0.7059660730 -0.0401485215 +0.0401485215 +0.7059660730 +0.00000 +0.00072 +0.00000     991.283  0.70409 +1.4038866 +0.08894  +13343.91    +0.012832   -51.955862
    65.9 +6391495.401    +8568.277       -0.000  +203.849857   +34.702458    -0.000000 -0.7059675049 -0.0401233357 +0.0401233357 +0.7059675049 +0.00000 +0.00072 +0.00000     991.283  0.70079 +1.4035180 +0.08880  +13364.14    +0.012887   -53.742160
    66.0 +6391515.536    +8571.708       -0.000  +202.878478   +34.615019    -0.000000 -0.7059689399 -0.0400980782 +0.0400980782 +0.7059689399 +0.00000 +0.00072 +0.00000     991.283  0.69750 +1.4031453 +0.08850  +13384.28    +0.012944   -55.518913
    66.1 +6391536.180    +8575.235       -0.000  +201.877760   +34.525386    -0.000000 -0.7059704216 -0.0400719825 +0.0400719825 +0.7059704216 +0.00000 +0.00073 +0.00000     991.283  0.69410 +1.4027554 +0.08771  +13404.93    +0.013201   -56.454988
    66.2 +6391556.119    +8578.649       -0.000  +200.906588   +34.439505    -0.000000 -0.7059718630 -0.0400465814 +0.0400465814 +0.7059718630 +0.00000 +0.00073 +0.00000     991.283  0.69081 +1.4023681 +0.08706  +13424.88    +0.013258   -58.185019
    66.3 +6391575.962    +8582.054       -0.000  +199.935498   +34.353755    -0.000000 -0.7059733075 -0.0400211082 +0.0400211082 +0.7059733075 +0.00000 +0.00073 +0.00000     991.283  0.68752 +1.4019765 +0.08692  +13444.72    +0.013317   -59.905870
    66.4 +6391596.306    +8585.554       -0.000  +198.935065   +34.265548    -0.000000 -0.7059747990 -0.0399947899 +0.0399947899 +0.7059747990 +0.00000 +0.00073 +0.00000     991.283  0.68413 +1.4015684 +0.08678  +13465.07    +0.013373   -61.669339
    66.5 +6391615.954    +8588.942       -0.000  +197.964139   +34.180074    -0.000000 -0.7059762495 -0.0399691766 +0.0399691766 +0.7059762495 +0.00000 +0.00073 +0.00000     991.283  0.68083 +1.4011678 +0.08649  +13484.73    +0.013437   -63.371762
    66.6 +6391635.506    +8592.322       -0.000  +196.993298   +34.095004    -0.000000 -0.7059777029 -0.0399434970 +0.0399434970 +0.7059777029 +0.00000 +0.00074 +0.00000     991.283  0.67754 +1.4007615 +0.08570  +13504.28    +0.013714   -64.061476
    66.7 +6391655.550    +8595.795       -0.000  +195.993145   +34.008513    -0.000000 -0.7059792034 -0.0399169676 +0.0399169676 +0.7059792034 +0.00000 +0.00074 +0.00000     991.283  0.67415 +1.4003330 +0.08506  +13524.33    +0.013772   -65.769732
    66.8 +6391674.907    +8599.158       -0.000  +195.022487   +33.924701    -0.000000 -0.7059806628 -0.0398911486 +0.0398911486 +0.7059806628 +0.00000 +0.00074 +0.00000     991.283  0.67086 +1.3999123 +0.08492  +13543.69    +0.013838   -67.418918
    66.9 +6391694.167    +8602.512       -0.000  +194.051906   +33.841024    -0.000000 -0.7059821250 -0.0398652628 +0.0398652628 +0.7059821250 +0.00000 +0.00074 +0.00000     991.283  0.66757 +1.3994869 +0.08478  +13562.96    +0.013906   -69.059476
    67.0 +6391713.911    +8605.960       -0.000  +193.051992   +33.754957    -0.000000 -0.7059836343 -0.0398385245 +0.0398385245 +0.7059836343 +0.00000 +0.00074 +0.00000     991.283  0.66419 +1.3990436 +0.08458  +13582.70    +0.013973   -70.740793
    67.1 +6391732.977    +8609.298       -0.000  +192.081566   +33.671674    -0.000000 -0.7059851020 -0.0398125084 +0.0398125084 +0.7059851020 +0.00000 +0.00075 +0.00000     991.283  0.66090 +1.3986077 +0.08380  +13601.77    +0.014266   -71.247800
    67.2 +6391751.946    +8612.627       -0.000  +191.111237   +33.589639    -0.000000 -0.7059865723 -0.0397864273 +0.0397864273 +0.7059865723 +0.00000 +0.00075 +0.00000     991.283  0.65761 +1.3981612 +0.08309  +13620.75    +0.014336   -72.837319
    67.3 +6391771.390    +8616.049       -0.000  +190.111579   +33.505259    -0.000000 -0.7059880900 -0.0397594868 +0.0397594868 +0.7059880900 +0.00000 +0.00075 +0.00000     991.283  0.65422 +1.3976958 +0.08295  +13640.20    +0.014404   -74.466396
    67.4 +6391790.165    +8619.362       -0.000  +189.141397   +33.423501    -0.000000 -0.7059895658 -0.0397332735 +0.0397332735 +0.7059895658 +0.00000 +0.00075 +0.00000     991.283  0.65094 +1.3972388 +0.08280  +13658.98    +0.014480   -76.039269
    67.5 +6391808.843    +8622.667       -0.000  +188.171286   +33.341882    -0.000000 -0.7059910441 -0.0397069976 +0.0397069976 +0.7059910441 +0.00000 +0.00075 +0.00000     991.283  0.64765 +1.3967765 +0.08265  +13677.66    +0.014558   -77.604039
    67.6 +6391827.987    +8626.064       -0.000  +187.171852   +33.257939    -0.000000 -0.7059925698 -0.0396798619 +0.0396798619 +0.7059925698 +0.00000 +0.00075 +0.00000     991.283  0.64427 +1.3962946 +0.08201  +13696.81    +0.014635   -79.207817
    67.7 +6391846.470    +8629.353       -0.000  +186.201899   +33.177584    -0.000000 -0.7059940530 -0.0396534622 +0.0396534622 +0.7059940530 +0.00000 +0.00076 +0.00000     991.283  0.64098 +1.3958162 +0.08124  +13715.30    +0.014943   -79.510422
    67.8 +6391864.858    +8632.633       -0.000  +185.232018   +33.097585    -0.000000 -0.7059955389 -0.0396269990 +0.0396269990 +0.7059955389 +0.00000 +0.00076 +0.00000     991.283  0.63770 +1.3953311 +0.08099  +13733.69    +0.015024   -81.026902
    67.9 +6391883.702    +8636.005       -0.000  +184.232817   +33.015307    -0.000000 -0.7059970724 -0.0395996691 +0.0395996691 +0.7059970724 +0.00000 +0.00076 +0.00000     991.283  0.63432 +1.3948253 +0.08084  +13752.54    +0.015103   -82.581255
    68.0 +6391901.895    +8639.270       -0.000  +183.263073   +32.935593    -0.000000 -0.7059985632 -0.0395730816 +0.0395730816 +0.7059985632 +0.00000 +0.00076 +0.00000     991.283  0.63103 +1.3943286 +0.08069  +13770.73    +0.015189   -84.082111
    68.1 +6391919.991    +8642.527       -0.000  +182.293395   +32.856025    -0.000000 -0.7060000563 -0.0395464353 +0.0395464353 +0.7060000563 +0.00000 +0.00076 +0.00000     991.283  0.62775 +1.3938259 +0.08031  +13788.83    +0.015277   -85.575362
    68.2 +6391938.536    +8645.874       -0.000  +181.294406   +32.774657    -0.000000 -0.7060015969 -0.0395189211 +0.0395189211 +0.7060015969 +0.00000 +0.00077 +0.00000     991.283  0.62437 +1.3932992 +0.07957  +13807.38    +0.015603   -85.762330
    68.3 +6391956.437    +8649.115       -0.000  +180.324873   +32.696545    -0.000000 -0.7060030947 -0.0394921547 +0.0394921547 +0.7060030947 +0.00000 +0.00077 +0.00000     991.283  0.62109 +1.3927780 +0.07905  +13825.29    +0.015692   -87.217201
    68.4 +6391974.243    +8652.348       -0.000  +179.355403   +32.618576    -0.000000 -0.7060045948 -0.0394653281 +0.0394653281 +0.7060045948 +0.00000 +0.00077 +0.00000     991.283  0.61781 +1.3922506 +0.07890  +13843.10    +0.015783   -88.664766
    68.5 +6391992.488    +8655.671       -0.000  +178.356621   +32.538397    -0.000000 -0.7060061427 -0.0394376272 +0.0394376272 +0.7060061427 +0.00000 +0.00077 +0.00000     991.283  0.61443 +1.3917005 +0.07875  +13861.35    +0.015873   -90.148618
    68.6 +6392010.098    +8658.889       -0.000  +177.387278   +32.460726    -0.000000 -0.7060076473 -0.0394106828 +0.0394106828 +0.7060076473 +0.00000 +0.00077 +0.00000     991.283  0.61115 +1.3911600 +0.07859  +13878.96    +0.015971   -91.581531
    68.7 +6392027.613    +8662.099       -0.000  +176.417995   +32.383206    -0.000000 -0.7060091540 -0.0393836826 +0.0393836826 +0.7060091540 +0.00000 +0.00077 +0.00000     991.283  0.60788 +1.3906129 +0.07796  +13896.48    +0.016071   -93.007314
    68.8 +6392045.558    +8665.398       -0.000  +175.419410   +32.304421    -0.000000 -0.7060107085 -0.0393558055 +0.0393558055 +0.7060107085 +0.00000 +0.00078 +0.00000     991.283  0.60450 +1.3900370 +0.07724  +13914.43    +0.016418   -93.011622
    68.9 +6392062.878    +8668.592       -0.000  +174.450257   +32.228336    -0.000000 -0.7060122196 -0.0393286887 +0.0393286887 +0.7060122196 +0.00000 +0.00078 +0.00000     991.283  0.60122 +1.3894699 +0.07696  +13931.76    +0.016518   -94.401032
    69.0 +6392080.102    +8671.779       -0.000  +173.481163   +32.152400    -0.000000 -0.7060137328 -0.0393015145 +0.0393015145 +0.7060137328 +0.00000 +0.00078 +0.00000     991.283  0.59795 +1.3888958 +0.07680  +13948.98    +0.016621   -95.783597
    69.1 +6392097.748    +8675.055       -0.000  +172.482762   +32.074321    -0.000000 -0.7060152941 -0.0392734583 +0.0392734583 +0.7060152941 +0.00000 +0.00078 +0.00000     991.283  0.59457 +1.3882969 +0.07665  +13966.63    +0.016724   -97.200957
    69.2 +6392114.777    +8678.227       -0.000  +171.513784   +31.998696    -0.000000 -0.7060168114 -0.0392461718 +0.0392461718 +0.7060168114 +0.00000 +0.00078 +0.00000     991.283  0.59130 +1.3877081 +0.07647  +13983.67    +0.016833   -98.569794
    69.3 +6392131.711    +8681.391       -0.000  +170.544861   +31.923259    -0.000000 -0.7060183307 -0.0392188318 +0.0392188318 +0.7060183307 +0.00000 +0.00078 +0.00000     991.283  0.58802 +1.3871119 +0.07573  +14000.61    +0.016946   -98.390700
    69.4 +6392149.057    +8684.643       -0.000  +169.546639   +31.846803    -0.000000 -0.7060198980 -0.0391906058 +0.0391906058 +0.7060198980 +0.00000 +0.00078 +0.00000     991.283  0.58465 +1.3864834 +0.07503  +14017.96    +0.017317   -99.765380
    69.5 +6392165.796    +8687.793       -0.000  +168.577830   +31.772750    -0.000000 -0.7060214214 -0.0391631527 +0.0391631527 +0.7060214214 +0.00000 +0.00079 +0.00000     991.283  0.58137 +1.3858655 +0.07487  +14034.70    +0.017430  -101.093069
    69.6 +6392182.438    +8690.935       -0.000  +167.609076   +31.698852    -0.000000 -0.7060229467 -0.0391356445 +0.0391356445 +0.7060229467 +0.00000 +0.00079 +0.00000     991.283  0.57810 +1.3852399 +0.07471  +14051.35    +0.017546  -102.414350
    69.7 +6392199.485    +8694.164       -0.000  +166.611020   +31.622881    -0.000000 -0.7060245203 -0.0391072464 +0.0391072464 +0.7060245203 +0.00000 +0.00079 +0.00000     991.283  0.57473 +1.3845869 +0.07454  +14068.40    +0.017662  -103.769025
    69.8 +6392215.933    +8697.291       -0.000  +165.642371   +31.549307    -0.000000 -0.7060260495 -0.0390796301 +0.0390796301 +0.7060260495 +0.00000 +0.00079 +0.00000     991.283  0.57146 +1.3839449 +0.07434  +14084.85    +0.017785  -105.077462
    69.9 +6392232.285    +8700.411       -0.000  +164.673773   +31.475961    -0.000000 -0.7060275804 -0.0390519622 +0.0390519622 +0.7060275804 +0.00000 +0.00079 +0.00000     991.283  0.56819 +1.3832942 +0.07361  +14101.21    +0.018192  -104.738998
    70.0 +6392249.032    +8703.618       -0.000  +163.675875   +31.401600    -0.000000 -0.7060291596 -0.0390234003 +0.0390234003 +0.7060291596 +0.00000 +0.00079 +0.00000     991.283  0.56482 +1.3826088 +0.07294  +14117.96    +0.018311  -106.053308
    70.1 +6392265.190    +8706.723       -0.000  +162.707378   +31.329588    -0.000000 -0.7060306944 -0.0389956231 +0.0389956231 +0.7060306944 +0.00000 +0.00080 +0.00000     991.283  0.56155 +1.3819348 +0.07277  +14134.12    +0.018438  -107.322830
    70.2 +6392281.251    +8709.822       -0.000  +161.738928   +31.257739    -0.000000 -0.7060322310 -0.0389677924 +0.0389677924 +0.7060322310 +0.00000 +0.00080 +0.00000     991.283  0.55828 +1.3812520 +0.07260  +14150.19    +0.018568  -108.586361
    70.3 +6392297.699    +8713.006       -0.000  +160.741182   +31.183885    -0.000000 -0.7060338160 -0.0389390638 +0.0389390638 +0.7060338160 +0.00000 +0.00080 +0.00000     991.283  0.55491 +1.3805391 +0.07243  +14166.64    +0.018698  -109.881972
    70.4 +6392313.566    +8716.090       -0.000  +159.772829   +31.112373    -0.000000 -0.7060353561 -0.0389111283 +0.0389111283 +0.7060353561 +0.00000 +0.00080 +0.00000     991.283  0.55165 +1.3798378 +0.07226  +14182.51    +0.018836  -111.133503
    70.5 +6392329.337    +8719.167       -0.000  +158.804522   +31.041031    -0.000000 -0.7060368979 -0.0388831428 +0.0388831428 +0.7060368979 +0.00000 +0.00080 +0.00000     991.283  0.54838 +1.3791273 +0.07160  +14198.28    +0.018977  -112.379200
    70.6 +6392345.486    +8722.329       -0.000  +157.806915   +30.968652    -0.000000 -0.7060384882 -0.0388542560 +0.0388542560 +0.7060384882 +0.00000 +0.00080 +0.00000     991.283  0.54501 +1.3783794 +0.07090  +14214.44    +0.019410  -111.903561
    70.7 +6392361.062    +8725.392       -0.000  +156.838694   +30.898695    -0.000000 -0.7060400335 -0.0388261648 +0.0388261648 +0.7060400335 +0.00000 +0.00080 +0.00000     991.283  0.54175 +1.3776430 +0.07066  +14230.02    +0.019552  -113.118297
    70.8 +6392376.543    +8728.447       -0.000  +155.870516   +30.828906    -0.000000 -0.7060415806 -0.0387980216 +0.0387980216 +0.7060415806 +0.00000 +0.00081 +0.00000     991.283  0.53848 +1.3768966 +0.07048  +14245.50    +0.019698  -114.327443
    70.9 +6392392.392    +8731.588       -0.000  +154.873045   +30.757183    -0.000000 -0.7060431763 -0.0387689722 +0.0387689722 +0.7060431763 +0.00000 +0.00081 +0.00000     991.283  0.53512 +1.3761170 +0.07031  +14261.36    +0.019844  -115.567438
    71.0 +6392407.678    +8734.630       -0.000  +153.904955   +30.687746    -0.000000 -0.7060447267 -0.0387407265 +0.0387407265 +0.7060447267 +0.00000 +0.00081 +0.00000     991.283  0.53186 +1.3753498 +0.07012  +14276.65    +0.019998  -116.765390
    71.1 +6392422.868    +8737.665       -0.000  +152.936905   +30.618487    -0.000000 -0.7060462787 -0.0387124318 +0.0387124318 +0.7060462787 +0.00000 +0.00081 +0.00000     991.283  0.52859 +1.3745721 +0.06969  +14291.84    +0.020156  -117.957904
    71.2 +6392438.419    +8740.784       -0.000  +151.939559   +30.547805    -0.000000 -0.7060478793 -0.0386832289 +0.0386832289 +0.7060478793 +0.00000 +0.00081 +0.00000     991.283  0.52523 +1.3737565 +0.06900  +14307.39    +0.020628  -117.342855
    71.3 +6392453.414    +8743.805       -0.000  +150.971583   +30.479916    -0.000000 -0.7060494345 -0.0386548328 +0.0386548328 +0.7060494345 +0.00000 +0.00081 +0.00000     991.283  0.52197 +1.3729503 +0.06854  +14322.39    +0.020787  -118.506029
    71.4 +6392468.314    +8746.820       -0.000  +150.003645   +30.412203    -0.000000 -0.7060509913 -0.0386263855 +0.0386263855 +0.7060509913 +0.00000 +0.00081 +0.00000     991.283  0.51871 +1.3721329 +0.06835  +14337.30    +0.020950  -119.663998
    71.5 +6392483.565    +8749.918       -0.000  +149.006416   +30.342626    -0.000000 -0.7060525970 -0.0385970236 +0.0385970236 +0.7060525970 +0.00000 +0.00082 +0.00000     991.283  0.51535 +1.3712787 +0.06817  +14352.55    +0.021114  -120.851664
    71.6 +6392498.270    +8752.919       -0.000  +148.038556   +30.275280    -0.000000 -0.7060541571 -0.0385684753 +0.0385684753 +0.7060541571 +0.00000 +0.00082 +0.00000     991.283  0.51209 +1.3704378 +0.06798  +14367.26    +0.021286  -121.999213
    71.7 +6392512.879    +8755.913       -0.000  +147.070732   +30.208119    -0.000000 -0.7060557186 -0.0385398787 +0.0385398787 +0.7060557186 +0.00000 +0.00082 +0.00000     991.283  0.50883 +1.3695850 +0.06778  +14381.88    +0.021462  -123.141704
    71.8 +6392527.831    +8758.991       -0.000  +146.073619   +30.139117    -0.000000 -0.7060573289 -0.0385103658 +0.0385103658 +0.7060573289 +0.00000 +0.00082 +0.00000     991.283  0.50548 +1.3686936 +0.06722  +14396.83    +0.021639  -124.313575
    71.9 +6392542.246    +8761.971       -0.000  +145.105858   +30.073075    -0.000000 -0.7060588934 -0.0384816724 +0.0384816724 +0.7060588934 +0.00000 +0.00082 +0.00000     991.283  0.50222 +1.3678108 +0.06651  +14411.25    +0.022159  -123.511270
    72.0 +6392556.565    +8764.945       -0.000  +144.138129   +30.007455    -0.000000 -0.7060604594 -0.0384529284 +0.0384529284 +0.7060604594 +0.00000 +0.00082 +0.00000     991.283  0.49896 +1.3669138 +0.06620  +14425.57    +0.022342  -124.621124
    72.1 +6392571.218    +8768.003       -0.000  +143.141110   +29.940042    -0.000000 -0.7060620745 -0.0384232614 +0.0384232614 +0.7060620745 +0.00000 +0.00082 +0.00000     991.283  0.49561 +1.3659760 +0.06601  +14440.23    +0.022524  -125.759603
    72.2 +6392585.342    +8770.964       -0.000  +142.173449   +29.874804    -0.000000 -0.7060636435 -0.0383944172 +0.0383944172 +0.7060636435 +0.00000 +0.00083 +0.00000     991.283  0.49235 +1.3650524 +0.06581  +14454.36    +0.022717  -126.859784
    72.3 +6392599.371    +8773.918       -0.000  +141.205820   +29.809758    -0.000000 -0.7060652140 -0.0383655251 +0.0383655251 +0.7060652140 +0.00000 +0.00083 +0.00000     991.283  0.48910 +1.3641151 +0.06561  +14468.39    +0.022914  -127.955272
    72.4 +6392613.725    +8776.956       -0.000  +140.208903   +29.742943    -0.000000 -0.7060668336 -0.0383357079 +0.0383357079 +0.7060668336 +0.00000 +0.00083 +0.00000     991.283  0.48575 +1.3631350 +0.06541  +14482.75    +0.023112  -129.079098
    72.5 +6392627.559    +8779.897       -0.000  +139.241338   +29.678293    -0.000000 -0.7060684069 -0.0383067206 +0.0383067206 +0.7060684069 +0.00000 +0.00083 +0.00000     991.283  0.48249 +1.3621694 +0.06485  +14496.59    +0.023319  -130.165202
    72.6 +6392641.297    +8782.832       -0.000  +138.273791   +29.614527    -0.000000 -0.7060699815 -0.0382776864 +0.0382776864 +0.7060699815 +0.00000 +0.00083 +0.00000     991.283  0.47924 +1.3611846 +0.06416  +14510.33    +0.023893  -129.222707
    72.7 +6392655.352    +8785.850       -0.000  +137.276951   +29.549296    -0.000000 -0.7060716053 -0.0382477206 +0.0382477206 +0.7060716053 +0.00000 +0.00083 +0.00000     991.283  0.47589 +1.3601526 +0.06383  +14524.39    +0.024097  -130.315007
    72.8 +6392668.896    +8788.772       -0.000  +136.309460   +29.486184    -0.000000 -0.7060731829 -0.0382185866 +0.0382185866 +0.7060731829 +0.00000 +0.00083 +0.00000     991.283  0.47264 +1.3591356 +0.06363  +14537.94    +0.024312  -131.370729
    72.9 +6392682.344    +8791.688       -0.000  +135.341996   +29.423271    -0.000000 -0.7060747619 -0.0381894044 +0.0381894044 +0.7060747619 +0.00000 +0.00084 +0.00000     991.283  0.46939 +1.3581032 +0.06342  +14551.39    +0.024532  -132.422111
    73.0 +6392696.100    +8794.686       -0.000  +134.345244   +29.358663    -0.000000 -0.7060763901 -0.0381592885 +0.0381592885 +0.7060763901 +0.00000 +0.00084 +0.00000     991.283  0.46605 +1.3570229 +0.06321  +14565.15    +0.024754  -133.500864
    73.1 +6392709.353    +8797.589       -0.000  +133.377835   +29.296162    -0.000000 -0.7060779718 -0.0381300109 +0.0381300109 +0.7060779718 +0.00000 +0.00084 +0.00000     991.283  0.46280 +1.3559581 +0.06300  +14578.41    +0.024986  -134.543579
    73.2 +6392722.511    +8800.487       -0.000  +132.410452   +29.233868    -0.000000 -0.7060795547 -0.0381006875 +0.0381006875 +0.7060795547 +0.00000 +0.00084 +0.00000     991.283  0.45955 +1.3548767 +0.06261  +14591.57    +0.025223  +109.400976
    73.3 +6392735.968    +8803.465       -0.000  +131.413774   +29.170233    -0.000000 -0.7060811869 -0.0380704278 +0.0380704278 +0.7060811869 +0.00000 +0.00084 +0.00000     991.283  0.45621 +1.3537425 +0.06194  +14605.03    +0.025858  +106.575454
    73.4 +6392748.932    +8806.350       -0.000  +130.446423   +29.109266    -0.000000 -0.7060827725 -0.0380410093 +0.0380410093 +0.7060827725 +0.00000 +0.00084 +0.00000     991.283  0.45296 +1.3526199 +0.06142  +14618.00    +0.026098  +105.477570
    73.5 +6392761.799    +8809.229       -0.000  +129.479096   +29.048506    -0.000000 -0.7060843594 -0.0380115423 +0.0380115423 +0.7060843594 +0.00000 +0.00084 +0.00000     991.283  0.44972 +1.3514796 +0.06120  +14630.87    +0.026345  +104.386670
    73.6 +6392774.957    +8812.189       -0.000  +128.482480   +28.986124    -0.000000 -0.7060859959 -0.0379811325 +0.0379811325 +0.7060859959 +0.00000 +0.00085 +0.00000     991.283  0.44637 +1.3502858 +0.06099  +14644.03    +0.026594  +103.270084
    73.7 +6392787.630    +8815.056       -0.000  +127.515199   +28.925791    -0.000000 -0.7060875855 -0.0379515693 +0.0379515693 +0.7060875855 +0.00000 +0.00085 +0.00000     991.283  0.44313 +1.3491083 +0.06077  +14656.71    +0.026853  +102.193560
    73.8 +6392800.208    +8817.917       -0.000  +126.547940   +28.865672    -0.000000 -0.7060891764 -0.0379219597 +0.0379219597 +0.7060891764 +0.00000 +0.00085 +0.00000     991.283  0.43989 +1.3479119 +0.06054  +14669.29    +0.027119  +101.124216
    73.9 +6392813.066    +8820.858       -0.000  +125.551392   +28.803957    -0.000000 -0.7060908167 -0.0378914050 +0.0378914050 +0.7060908167 +0.00000 +0.00085 +0.00000     991.283  0.43655 +1.3466590 +0.06032  +14682.15    +0.027388  +100.030051
    74.0 +6392825.449    +8823.707       -0.000  +124.584175   +28.744279    -0.000000 -0.7060924100 -0.0378617030 +0.0378617030 +0.7060924100 +0.00000 +0.00085 +0.00000     991.283  0.43331 +1.3454228 +0.12145  +14694.54    +0.027667   +98.975502
    74.1 +6392837.738    +8826.545       -0.000  +123.644103   +28.567974    -0.000000 -0.7060939929 -0.0378321713 +0.0378321713 +0.7060939929 +0.00000 +0.00083 +0.00000     991.283  0.43007 +1.3451116 +0.20957  +14706.83    +0.029925   +96.418396
    74.2 +6392850.302    +8829.448       -0.000  +122.687593   +28.335254    -0.000000 -0.7060955793 -0.0378025518 +0.0378025518 +0.7060955793 +0.00000 +0.00081 +0.00000     991.283  0.42674 +1.3452027 +0.23621  +14719.40    +0.033209   +95.363884
    74.3 +6392862.404    +8832.242       -0.000  +121.759736   +28.107804    -0.000000 -0.7060970754 -0.0377745959 +0.0377745959 +0.7060970754 +0.00000 +0.00079 +0.00000     991.283  0.42350 +1.3453057 +0.23527  +14731.50    +0.036068   +94.347800
    74.4 +6392874.413    +8835.014       -0.000  +120.831240   +27.883791    -0.000000 -0.7060985303 -0.0377473912 +0.0377473912 +0.7060985303 +0.00000 +0.00077 +0.00000     991.283  0.42026 +1.3453822 +0.23476  +14743.52    +0.039067   +93.339096
    74.5 +6392886.691    +8837.847       -0.000  +119.875333   +27.650543    -0.000000 -0.7060999879 -0.0377201158 +0.0377201158 +0.7060999879 +0.00000 +0.00075 +0.00000     991.283  0.41693 +1.3454829 +0.23122  +14755.80    +0.042343   +92.307626
    74.6 +6392898.514    +8840.574       -0.000  +118.945564   +27.433399    -0.000000 -0.7061013640 -0.0376943456 +0.0376943456 +0.7061013640 +0.00000 +0.00073 +0.00000     991.283  0.41369 +1.3455047 +0.23020  +14767.63    +0.045231   +91.314145
    74.7 +6392910.245    +8843.279       -0.000  +118.017654   +27.208852    -0.000000 -0.7061027036 -0.0376692442 +0.0376692442 +0.7061027036 +0.00000 +0.00071 +0.00000     991.283  0.41046 +1.3455899 +0.23504  +14779.36    +0.048071   +90.328283
    74.8 +6392922.235    +8846.043       -0.000  +117.062184   +26.975765    -0.000000 -0.7061040471 -0.0376440519 +0.0376440519 +0.7061040471 +0.00000 +0.00069 +0.00000     991.283  0.40712 +1.3456942 +0.23100  +14791.36    +0.051345   +89.320604
    74.9 +6392933.780    +8848.703       -0.000  +116.132811   +26.759047    -0.000000 -0.7061053163 -0.0376202379 +0.0376202379 +0.7061053163 +0.00000 +0.00067 +0.00000     991.283  0.40389 +1.3457155 +0.22815  +14802.90    +0.055107   +86.988205
    75.0 +6392945.232    +8851.342       -0.000  +115.204667   +26.538160    -0.000000 -0.7061065538 -0.0375970044 +0.0375970044 +0.7061065538 +0.00000 +0.00066 +0.00000     991.283  0.40066 +1.3457738 +0.23097  +14814.36    +0.057967   +86.040929
    75.1 +6392956.936    +8854.037       -0.000  +114.248807   +26.309459    -0.000000 -0.7061077962 -0.0375736623 +0.0375736623 +0.7061077962 +0.00000 +0.00064 +0.00000     991.283  0.39733 +1.3458450 +0.23236  +14826.07    +0.061230   +85.073141
    75.2 +6392968.202    +8856.631       -0.000  +113.321557   +26.085969    -0.000000 -0.7061089718 -0.0375515633 +0.0375515633 +0.7061089718 +0.00000 +0.00062 +0.00000     991.283  0.39409 +1.3459288 +0.23128  +14837.34    +0.064181   +84.141856
    75.3 +6392979.376    +8859.203       -0.000  +112.393616   +25.866103    -0.000000 -0.7061101188 -0.0375299896 +0.0375299896 +0.7061101188 +0.00000 +0.00061 +0.00000     991.283  0.39086 +1.3459821 +0.22968  +14848.51    +0.067279   +83.218576
    75.4 +6392990.793    +8861.830       -0.000  +111.437830   +25.639033    -0.000000 -0.7061112717 -0.0375082922 +0.0375082922 +0.7061112717 +0.00000 +0.00059 +0.00000     991.283  0.38753 +1.3460431 +0.23075  +14859.94    +0.070552   +82.275779
    75.5 +6393001.781    +8864.358       -0.000  +110.510641   +25.417155    -0.000000 -0.7061123638 -0.0374877281 +0.0374877281 +0.7061123638 +0.00000 +0.00058 +0.00000     991.283  0.38430 +1.3461170 +0.22964  +14870.93    +0.073550   +81.369010
    75.6 +6393012.677    +8866.864       -0.000  +109.582749   +25.198949    -0.000000 -0.7061134304 -0.0374676316 +0.0374676316 +0.7061134304 +0.00000 +0.00057 +0.00000     991.283  0.38107 +1.3461590 +0.22774  +14881.83    +0.076699   +80.470497
    75.7 +6393023.807    +8869.423       -0.000  +108.626889   +24.974113    -0.000000 -0.7061145037 -0.0374473980 +0.0374473980 +0.7061145037 +0.00000 +0.00056 +0.00000     991.283  0.37774 +1.3462034 +0.22793  +14892.96    +0.079988   +79.553475
    75.8 +6393034.517    +8871.885       -0.000  +107.699395   +24.755595    -0.000000 -0.7061155217 -0.0374281983 +0.0374281983 +0.7061155217 +0.00000 +0.00054 +0.00000     991.283  0.37451 +1.3462503 +0.22952  +14903.67    +0.084325   +77.458980
    75.9 +6393045.134    +8874.325       -0.000  +106.772730   +24.534444    -0.000000 -0.7061165170 -0.0374094153 +0.0374094153 +0.7061165170 +0.00000 +0.00053 +0.00000     991.283  0.37129 +1.3463232 +0.23045  +14914.29    +0.087507   +76.599530
    76.0 +6393055.978    +8876.817       -0.000  +105.817905   +24.307546    -0.000000 -0.7061175199 -0.0373904814 +0.0373904814 +0.7061175199 +0.00000 +0.00052 +0.00000     991.283  0.36796 +1.3463909 +0.22650  +14925.14    +0.090982   +75.722840
    76.1 +6393066.409    +8879.213       -0.000  +104.889757   +24.094035    -0.000000 -0.7061184721 -0.0373724953 +0.0373724953 +0.7061184721 +0.00000 +0.00051 +0.00000     991.283  0.36473 +1.3463940 +0.22525  +14935.58    +0.094263   +74.880538
    76.2 +6393076.749    +8881.587       -0.000  +103.962751   +23.876129    -0.000000 -0.7061194042 -0.0373548802 +0.0373548802 +0.7061194042 +0.00000 +0.00050 +0.00000     991.283  0.36151 +1.3464397 +0.23097  +14945.92    +0.097696   +74.046763
    76.3 +6393087.306    +8884.011       -0.000  +103.009277   +23.645150    -0.000000 -0.7061203445 -0.0373370997 +0.0373370997 +0.7061203445 +0.00000 +0.00049 +0.00000     991.283  0.35818 +1.3465508 +0.23095  +14956.48    +0.101196   +73.196684
    76.4 +6393097.459    +8886.342       -0.000  +102.082518   +23.427321    -0.000000 -0.7061212384 -0.0373201916 +0.0373201916 +0.7061212384 +0.00000 +0.00048 +0.00000     991.283  0.35495 +1.3465986 +0.22553  +14966.64    +0.104540   +72.380335
    76.5 +6393107.521    +8888.651       -0.000  +101.155003   +23.213353    -0.000000 -0.7061221145 -0.0373036119 +0.0373036119 +0.7061221145 +0.00000 +0.00047 +0.00000     991.283  0.35173 +1.3466094 +0.22651  +14976.70    +0.108040   +71.572600
    76.6 +6393117.792    +8891.008       -0.000  +100.200832   +22.987163    -0.000000 -0.7061229992 -0.0372868611 +0.0372868611 +0.7061229992 +0.00000 +0.00046 +0.00000     991.283  0.34841 +1.3466782 +0.22631  +14986.97    +0.111761   +70.749398
    76.7 +6393127.667    +8893.274       -0.000   +99.273480   +22.773613    -0.000000 -0.7061238413 -0.0372709110 +0.0372709110 +0.7061238413 +0.00000 +0.00045 +0.00000     991.283  0.34518 +1.3466863 +0.22743  +14996.85    +0.115368   +69.959131
    76.8 +6393137.451    +8895.518       -0.000   +98.348192   +22.551932    -0.000000 -0.7061246676 -0.0372552521 +0.0372552521 +0.7061246676 +0.00000 +0.00044 +0.00000     991.283  0.34196 +1.3467776 +0.22613  +15006.64    +0.120754   +68.110876
    76.9 +6393147.435    +8897.807       -0.000   +97.392545   +22.334367    -0.000000 -0.7061255030 -0.0372394145 +0.0372394145 +0.7061255030 +0.00000 +0.00044 +0.00000     991.283  0.33863 +1.3467626 +0.22488  +15016.63    +0.124855   +67.326710
    77.0 +6393157.032    +8900.008       -0.000   +96.466980   +22.115134    -0.000000 -0.7061262991 -0.0372243157 +0.0372243157 +0.7061262991 +0.00000 +0.00043 +0.00000     991.283  0.33541 +1.3468317 +0.22705  +15026.23    +0.128699   +66.573985
    77.1 +6393166.538    +8902.187       -0.000   +95.540585   +21.900040    -0.000000 -0.7061270812 -0.0372094779 +0.0372094779 +0.7061270812 +0.00000 +0.00042 +0.00000     991.283  0.33219 +1.3468591 +0.22669  +15035.74    +0.132508   +65.829379
    77.2 +6393176.236    +8904.409       -0.000   +94.587038   +21.674961    -0.000000 -0.7061278728 -0.0371944513 +0.0371944513 +0.7061278728 +0.00000 +0.00041 +0.00000     991.283  0.32887 +1.3469247 +0.22576  +15045.44    +0.136645   +65.070520
    77.3 +6393185.556    +8906.545       -0.000   +93.660463   +21.461708    -0.000000 -0.7061286281 -0.0371801106 +0.0371801106 +0.7061286281 +0.00000 +0.00041 +0.00000     991.283  0.32565 +1.3469345 +0.22415  +15054.76    +0.140762   +64.341824
    77.4 +6393194.784    +8908.659       -0.000   +92.734509   +21.246257    -0.000000 -0.7061293709 -0.0371659998 +0.0371659998 +0.7061293709 +0.00000 +0.00040 +0.00000     991.283  0.32242 +1.3469683 +0.22664  +15063.99    +0.144848   +63.620581
    77.5 +6393204.195    +8910.815       -0.000   +91.781190   +21.021780    -0.000000 -0.7061301238 -0.0371516931 +0.0371516931 +0.7061301238 +0.00000 +0.00039 +0.00000     991.283  0.31910 +1.3470314 +0.22537  +15073.41    +0.149219   +62.884926
    77.6 +6393213.237    +8912.886       -0.000   +90.854904   +20.808799    -0.000000 -0.7061308427 -0.0371380260 +0.0371380260 +0.7061308427 +0.00000 +0.00039 +0.00000     991.283  0.31588 +1.3470404 +0.22677  +15082.45    +0.153616   +62.177716
    77.7 +6393222.188    +8914.935       -0.000   +89.930466   +20.588248    -0.000000 -0.7061315507 -0.0371245612 +0.0371245612 +0.7061315507 +0.00000 +0.00038 +0.00000     991.283  0.31266 +1.3471339 +0.22539  +15091.40    +0.157987   +61.476724
    77.8 +6393231.313    +8917.024       -0.000   +88.975758   +20.371397    -0.000000 -0.7061322690 -0.0371108978 +0.0371108978 +0.7061322690 +0.00000 +0.00038 +0.00000     991.283  0.30934 +1.3471159 +0.22195  +15100.53    +0.162791   +59.823586
    77.9 +6393240.077    +8919.031       -0.000   +88.050111   +20.157520    -0.000000 -0.7061329566 -0.0370978113 +0.0370978113 +0.7061329566 +0.00000 +0.00037 +0.00000     991.283  0.30612 +1.3471372 +0.22145  +15109.30    +0.169801   +59.144015
    78.0 +6393248.750    +8921.016       -0.000   +87.123553   +19.948123    -0.000000 -0.7061336353 -0.0370848898 +0.0370848898 +0.7061336353 +0.00000 +0.00037 +0.00000     991.283  0.30291 +1.3471079 +0.21665  +15117.97    +0.174427   +58.468485
    78.1 +6393257.589    +8923.040       -0.000   +86.167963   +19.737106    -0.000000 -0.7061343269 -0.0370717188 +0.0370717188 +0.7061343269 +0.00000 +0.00036 +0.00000     991.283  0.29959 +1.3470224 +0.21188  +15126.82    +0.179235   +57.775713
    78.2 +6393266.075    +8924.985       -0.000   +85.239550   +19.536919    -0.000000 -0.7061349922 -0.0370590441 +0.0370590441 +0.7061349922 +0.00000 +0.00036 +0.00000     991.283  0.29637 +1.3468837 +0.20701  +15135.30    +0.183795   +57.105309
    78.3 +6393274.469    +8926.910       -0.000   +84.310222   +19.341318    -0.000000 -0.7061356531 -0.0370464492 +0.0370464492 +0.7061356531 +0.00000 +0.00036 +0.00000     991.283  0.29315 +1.3466879 +0.20210  +15143.70    +0.188329   +56.435554
    78.4 +6393283.022    +8928.873       -0.000   +83.351774   +19.144618    -0.000000 -0.7061363309 -0.0370335279 +0.0370335279 +0.7061363309 +0.00000 +0.00036 +0.00000     991.283  0.28984 +1.3464241 +0.19724  +15152.26    +0.192996   +55.744568
    78.5 +6393291.229    +8930.759       -0.000   +82.420585   +18.958415    -0.000000 -0.7061369871 -0.0370210140 +0.0370210140 +0.7061369871 +0.00000 +0.00036 +0.00000     991.283  0.28662 +1.3461055 +0.19228  +15160.47    +0.197466   +55.071171
    78.6 +6393299.344    +8932.627       -0.000   +81.488479   +18.776878    -0.000000 -0.7061376429 -0.0370085021 +0.0370085021 +0.7061376429 +0.00000 +0.00036 +0.00000     991.283  0.28340 +1.3457227 +0.18730  +15168.58    +0.200000   +54.392978
    78.7 +6393307.608    +8934.533       -0.000   +80.527169   +18.594738    -0.000000 -0.7061383191 -0.0369955978 +0.0369955978 +0.7061383191 +0.00000 +0.00036 +0.00000     991.283  0.28009 +1.3452588 +0.18238  +15176.85    +0.200000   +53.686655
    78.8 +6393315.535    +8936.366       -0.000   +79.593203   +18.422724    -0.000000 -0.7061389761 -0.0369830559 +0.0369830559 +0.7061389761 +0.00000 +0.00036 +0.00000     991.283  0.27688 +1.3447385 +0.17737  +15184.78    +0.200000   +52.990848
    78.9 +6393323.370    +8938.182       -0.000   +78.658324   +18.255416    -0.000000 -0.7061396339 -0.0369704937 +0.0369704937 +0.7061396339 +0.00000 +0.00036 +0.00000     991.283  0.27366 +1.3441467 +0.17228  +15192.62    +0.200000   +52.281610
    79.0 +6393331.346    +8940.035       -0.000   +77.694130   +18.088114    -0.000000 -0.7061403128 -0.0369575253 +0.0369575253 +0.7061403128 +0.00000 +0.00036 +0.00000     991.283  0.27035 +1.3434573 +0.16609  +15200.60    +0.200000   +50.738277
    79.1 +6393338.992    +8941.819       -0.000   +76.756909   +17.932787    -0.000000 -0.7061409729 -0.0369449097 +0.0369449097 +0.7061409729 +0.00000 +0.00036 +0.00000     991.283  0.26714 +1.3426808 +0.15988  +15208.25    +0.200000   +50.000897
    79.2 +6393346.546    +8943.587       -0.000   +75.818790   +17.782128    -0.000000 -0.7061416346 -0.0369322615 +0.0369322615 +0.7061416346 +0.00000 +0.00036 +0.00000     991.283  0.26392 +1.3418244 +0.15492  +15215.80    +0.200000   +49.236835
    79.3 +6393354.232    +8945.393       -0.000   +74.851309   +17.631771    -0.000000 -0.7061423180 -0.0369191910 +0.0369191910 +0.7061423180 +0.00000 +0.00036 +0.00000     991.283  0.26062 +1.3408555 +0.15005  +15223.49    +0.200000   +48.415373
    79.4 +6393361.597    +8947.132       -0.000   +73.911382   +17.490542    -0.000000 -0.7061429834 -0.0369064621 +0.0369064621 +0.7061429834 +0.00000 +0.00036 +0.00000     991.283  0.25741 +1.3398283 +0.14513  +15230.86    +0.200000   +47.577648
    79.5 +6393368.869    +8948.857       -0.000   +72.970573   +17.353921    -0.000000 -0.7061436511 -0.0368936860 +0.0368936860 +0.7061436511 +0.00000 +0.00037 +0.00000     991.283  0.25420 +1.3387126 +0.14024  +15238.13    +0.200000   +46.691828
    79.6 +6393376.264    +8950.620       -0.000   +72.000337   +17.217946    -0.000000 -0.7061443415 -0.0368804681 +0.0368804681 +0.7061443415 +0.00000 +0.00037 +0.00000     991.283  0.25089 +1.3374675 +0.13546  +15245.53    +0.200000   +45.718719
    79.7 +6393383.347    +8952.318       -0.000   +71.057756   +17.090579    -0.000000 -0.7061450145 -0.0368675807 +0.0368675807 +0.7061450145 +0.00000 +0.00037 +0.00000     991.283  0.24768 +1.3361631 +0.13066  +15252.61    +0.200000   +44.704081
    79.8 +6393390.336    +8954.004       -0.000   +70.114312   +16.967708    -0.000000 -0.7061456905 -0.0368546305 +0.0368546305 +0.7061456905 +0.00000 +0.00037 +0.00000     991.283  0.24448 +1.3347610 +0.12590  +15259.61    +0.200000   +43.652019
    79.9 +6393397.440    +8955.729       -0.000   +69.141387   +16.845764    -0.000000 -0.7061463904 -0.0368412170 +0.0368412170 +0.7061463904 +0.00000 +0.00037 +0.00000     991.283  0.24118 +1.3332111 +0.12126  +15266.71    +0.200000   +42.564459
    80.0 +6393404.239    +8957.391       -0.000   +68.196219   +16.731864    -0.000000 -0.7061470734 -0.0368281238 +0.0368281238 +0.7061470734 +0.00000 +0.00038 +0.00000     991.283  0.23797 +1.3316010 +0.11662  +15273.51    +0.200000   +41.505054
    80.1 +6393410.945    +8959.042       -0.000   +67.250215   +16.622295    -0.000000 -0.7061477602 -0.0368149524 +0.0368149524 +0.7061477602 +0.00000 +0.00038 +0.00000     991.283  0.23477 +1.3298834 +0.11205  +15280.22    +0.200000   +40.441531
    80.2 +6393417.757    +8960.732       -0.000   +66.274682   +16.513865    -0.000000 -0.7061484721 -0.0368012947 +0.0368012947 +0.7061484721 +0.00000 +0.00038 +0.00000     991.283  0.23147 +1.3279977 +0.10761  +15287.04    +0.200000   +39.341085
    80.3 +6393424.272    +8962.362       -0.000   +65.327014   +16.412882    -0.000000 -0.7061491675 -0.0367879493 +0.0367879493 +0.7061491675 +0.00000 +0.00038 +0.00000     991.283  0.22828 +1.3260510 +0.10319  +15293.55    +0.200000   +38.268042
    80.4 +6393430.694    +8963.983       -0.000   +64.378543   +16.316016    -0.000000 -0.7061498675 -0.0367745109 +0.0367745109 +0.7061498675 +0.00000 +0.00039 +0.00000     991.283  0.22508 +1.3239859 +0.09812  +15299.98    +0.200000   +37.189672
    80.5 +6393437.212    +8965.642       -0.000   +63.400205   +16.221838    -0.000000 -0.7061505937 -0.0367605638 +0.0367605638 +0.7061505937 +0.00000 +0.00039 +0.00000     991.283  0.22179 +1.3217085 +0.09323  +15306.50    +0.200000   +35.516498
    80.6 +6393443.443    +8967.244       -0.000   +62.449851   +16.134433    -0.000000 -0.7061513036 -0.0367469248 +0.0367469248 +0.7061513036 +0.00000 +0.00039 +0.00000     991.283  0.21859 +1.3193693 +0.08910  +15312.73    +0.200000   +34.442708
    80.7 +6393449.580    +8968.837       -0.000   +61.498740   +16.050843    -0.000000 -0.7061520186 -0.0367331809 +0.0367331809 +0.7061520186 +0.00000 +0.00039 +0.00000     991.283  0.21540 +1.3168996 +0.08508  +15318.87    +0.200000   +33.362138
    80.8 +6393455.805    +8970.470       -0.000   +60.518030   +15.968611    -0.000000 -0.7061527610 -0.0367189067 +0.0367189067 +0.7061527610 +0.00000 +0.00040 +0.00000     991.283  0.21212 +1.3142142 +0.08123  +15325.10    +0.200000   +32.241086
    80.9 +6393461.750    +8972.047       -0.000   +59.565423   +15.892480    -0.000000 -0.7061534872 -0.0367049379 +0.0367049379 +0.7061534872 +0.00000 +0.00040 +0.00000     991.283  0.20893 +1.3114661 +0.07741  +15331.05    +0.200000   +31.144805
    81.0 +6393467.601    +8973.617       -0.000   +58.612100   +15.819875    -0.000000 -0.7061542192 -0.0366908529 +0.0366908529 +0.7061542192 +0.00000 +0.00040 +0.00000     991.283  0.20575 +1.3085738 +0.07370  +15336.90    +0.200000   +30.039689
    81.1 +6393473.531    +8975.227       -0.000   +57.629153   +15.748655    -0.000000 -0.7061549796 -0.0366762162 +0.0366762162 +0.7061549796 +0.00000 +0.00041 +0.00000     991.283  0.20247 +1.3054376 +0.07016  +15342.83    +0.200000   +28.890965
    81.2 +6393479.191    +8976.783       -0.000   +56.674418   +15.682904    -0.000000 -0.7061557237 -0.0366618856 +0.0366618856 +0.7061557237 +0.00000 +0.00041 +0.00000     991.283  0.19929 +1.3022365 +0.06666  +15348.49    +0.200000   +27.765251
    81.3 +6393484.756    +8978.333       -0.000   +55.719010   +15.620374    -0.000000 -0.7061564741 -0.0366474299 +0.0366474299 +0.7061564741 +0.00000 +0.00042 +0.00000     991.283  0.19611 +1.2988749 +0.06328  +15354.06    +0.200000   +26.627869
    81.4 +6393490.390    +8979.923       -0.000   +54.733960   +15.559206    -0.000000 -0.7061572538 -0.0366324028 +0.0366324028 +0.7061572538 +0.00000 +0.00042 +0.00000     991.283  0.19284 +1.2952373 +0.06006  +15359.70    +0.200000   +25.442574
    81.5 +6393495.763    +8981.461       -0.000   +53.777228   +15.502893    -0.000000 -0.7061580171 -0.0366176862 +0.0366176862 +0.7061580171 +0.00000 +0.00042 +0.00000     991.283  0.18967 +1.2915311 +0.05690  +15365.07    +0.200000   +24.277719
    81.6 +6393501.041    +8982.993       -0.000   +52.819867   +15.449481    -0.000000 -0.7061587868 -0.0366028381 +0.0366028381 +0.7061587868 +0.00000 +0.00043 +0.00000     991.283  0.18651 +1.2876452 +0.05385  +15370.35    +0.200000   +23.097121
    81.7 +6393506.380    +8984.566       -0.000   +51.832852   +15.397375    -0.000000 -0.7061595868 -0.0365874012 +0.0365874012 +0.7061595868 +0.00000 +0.00043 +0.00000     991.283  0.18325 +1.2834459 +0.05096  +15375.69    +0.200000   +21.862437
    81.8 +6393511.465    +8986.088       -0.000   +50.874258   +15.349531    -0.000000 -0.7061603700 -0.0365722822 +0.0365722822 +0.7061603700 +0.00000 +0.00043 +0.00000     991.283  0.18009 +1.2791723 +0.04814  +15380.78    +0.200000   +20.644223
    81.9 +6393516.456    +8987.606       -0.000   +49.915080   +15.304270    -0.000000 -0.7061611598 -0.0365570284 +0.0365570284 +0.7061611598 +0.00000 +0.00044 +0.00000     991.283  0.17694 +1.2746957 +0.04542  +15385.77    +0.200000   +19.404086
    82.0 +6393521.498    +8989.164       -0.000   +48.926239   +15.260229    -0.000000 -0.7061619806 -0.0365411707 +0.0365411707 +0.7061619806 +0.00000 +0.00044 +0.00000     991.283  0.17369 +1.2698616 +0.04286  +15390.82    +0.200000   +18.100520
    82.1 +6393526.296    +8990.673       -0.000   +47.965919   +15.219892    -0.000000 -0.7061627840 -0.0365256417 +0.0365256417 +0.7061627840 +0.00000 +0.00045 +0.00000     991.283  0.17055 +1.2649449 +0.04035  +15395.62    +0.200000   +16.806841
    82.2 +6393530.998    +8992.178       -0.000   +47.005051   +15.181859    -0.000000 -0.7061635941 -0.0365099769 +0.0365099769 +0.7061635941 +0.00000 +0.00045 +0.00000     991.283  0.16740 +1.2597958 +0.03769  +15400.32    +0.200000   +15.242500
    82.3 +6393535.744    +8993.725       -0.000   +46.014410   +15.145445    -0.000000 -0.7061644356 -0.0364936971 +0.0364936971 +0.7061644356 +0.00000 +0.00045 +0.00000     991.283  0.16417 +1.2542261 +0.03520  +15405.07    +0.200000  -208.876614
    82.4 +6393540.253    +8995.223       -0.000   +45.052395   +15.112171    -0.000000 -0.7061652589 -0.0364777614 +0.0364777614 +0.7061652589 +0.00000 +0.00046 +0.00000     991.283  0.16104 +1.2485620 +0.03306  +15409.58    +0.200000  -208.809443
    82.5 +6393544.667    +8996.717       -0.000   +44.089889   +15.080839    -0.000000 -0.7061660887 -0.0364616938 +0.0364616938 +0.7061660887 +0.00000 +0.00046 +0.00000     991.283  0.15792 +1.2426307 +0.03102  +15414.00    +0.200000  -208.733900
    82.6 +6393549.115    +8998.254       -0.000   +43.097720   +15.050487    -0.000000 -0.7061669504 -0.0364450024 +0.0364450024 +0.7061669504 +0.00000 +0.00047 +0.00000     991.283  0.15471 +1.2362260 +0.02910  +15418.45    +0.200000  -208.647366
    82.7 +6393553.335    +8999.743       -0.000   +42.134263   +15.022807    -0.000000 -0.7061677931 -0.0364286705 +0.0364286705 +0.7061677931 +0.00000 +0.00047 +0.00000     991.283  0.15160 +1.2297094 +0.02725  +15422.67    +0.200000  -208.554988
    82.8 +6393557.460    +9001.229       -0.000   +41.170358   +14.996789    -0.000000 -0.7061686420 -0.0364122105 +0.0364122105 +0.7061686420 +0.00000 +0.00047 +0.00000     991.283  0.14850 +1.2228809 +0.02550  +15426.80    +0.200000  -208.454411
    82.9 +6393561.611    +9002.757       -0.000   +40.176789   +14.971627    -0.000000 -0.7061695230 -0.0363951198 +0.0363951198 +0.7061695230 +0.00000 +0.00048 +0.00000     991.283  0.14531 +1.2155012 +0.02386  +15430.95    +0.200000  -208.342280
    83.0 +6393565.542    +9004.238       -0.000   +39.212016   +14.948715    -0.000000 -0.7061703843 -0.0363784055 +0.0363784055 +0.7061703843 +0.00000 +0.00048 +0.00000     991.283  0.14222 +1.2079851 +0.02229  +15434.88    +0.200000  -208.225270
    83.1 +6393569.377    +9005.717       -0.000   +38.246834   +14.927206    -0.000000 -0.7061712514 -0.0363615691 +0.0363615691 +0.7061712514 +0.00000 +0.00048 +0.00000     991.283  0.13914 +1.2001006 +0.02081  +15438.72    +0.200000  -208.100288
    83.2 +6393573.229    +9007.239       -0.000   +37.251991   +14.906426    -0.000000 -0.7061721508 -0.0363440972 +0.0363440972 +0.7061721508 +0.00000 +0.00049 +0.00000     991.283  0.13598 +1.1915685 +0.01943  +15442.57    +0.200000  -207.963275
    83.3 +6393576.871    +9008.713       -0.000   +36.286019   +14.887518    -0.000000 -0.7061730295 -0.0363270200 +0.0363270200 +0.7061730295 +0.00000 +0.00049 +0.00000     991.283  0.13292 +1.1828663 +0.01811  +15446.22    +0.200000  -207.822395
    83.4 +6393580.417    +9010.186       -0.000   +35.319678   +14.869775    -0.000000 -0.7061739137 -0.0363098282 +0.0363098282 +0.7061739137 +0.00000 +0.00049 +0.00000     991.283  0.12988 +1.1737233 +0.01687  +15449.77    +0.200000  -207.673846
    90.6 +6393580.946    +9114.258       -0.000   -35.155978   +13.923437    -0.000000 -0.7062467153 -0.0348651268 +0.0348651268 +0.7062467153 +0.00000 +0.00069 +0.00000     991.283  0.12815 -1.1922764 +0.02024  +15450.44    +0.200000  -207.577002
    90.7 +6393577.311    +9115.677       -0.000   -36.150696   +13.902310    -0.000000 -0.7062479519 -0.0348400704 +0.0348400704 +0.7062479519 +0.00000 +0.00070 +0.00000     991.283  0.13126 -1.2022402 +0.02066  +15446.81    +0.200000  -207.733945
    90.8 +6393573.686    +9117.052       -0.000   -37.116072   +13.881400    -0.000000 -0.7062491652 -0.0348154653 +0.0348154653 +0.7062491652 +0.00000 +0.00071 +0.00000     991.283  0.13430 -1.2114769 +0.02109  +15443.19    +0.200000  -207.878641
    90.9 +6393569.965    +9118.425       -0.000   -38.081362   +13.860086    -0.000000 -0.7062503922 -0.0347905672 +0.0347905672 +0.7062503922 +0.00000 +0.00072 +0.00000     991.283  0.13734 -1.2203135 +0.02152  +15439.47    +0.200000  -208.015707
    91.0 +6393566.031    +9119.838       -0.000   -39.075815   +13.837697    -0.000000 -0.7062516711 -0.0347645960 +0.0347645960 +0.7062516711 +0.00000 +0.00073 +0.00000     991.283  0.14049 -1.2290256 +0.02195  +15435.54    +0.200000  -208.148839
    91.1 +6393562.116    +9121.207       -0.000   -40.040935   +13.815544    -0.000000 -0.7062529272 -0.0347390674 +0.0347390674 +0.7062529272 +0.00000 +0.00074 +0.00000     991.283  0.14355 -1.2371244 +0.02240  +15431.62    +0.200000  -208.270111
    91.2 +6393558.106    +9122.573       -0.000   -41.005970   +13.792969    -0.000000 -0.7062541986 -0.0347132100 +0.0347132100 +0.7062541986 +0.00000 +0.00074 +0.00000     991.283  0.14662 -1.2448930 +0.02285  +15427.61    +0.200000  -208.383472
    91.3 +6393553.874    +9123.979       -0.000   -42.000162   +13.769265    -0.000000 -0.7062555251 -0.0346862121 +0.0346862121 +0.7062555251 +0.00000 +0.00075 +0.00000     991.283  0.14979 -1.2525723 +0.02330  +15423.38    +0.200000  -208.491915
    91.4 +6393549.670    +9125.341       -0.000   -42.965029   +13.745819    -0.000000 -0.7062568292 -0.0346596490 +0.0346596490 +0.7062568292 +0.00000 +0.00077 +0.00000     991.283  0.15288 -1.2597292 +0.02376  +15419.18    +0.200000  -208.588989
    91.5 +6393545.370    +9126.701       -0.000   -43.929813   +13.721938    -0.000000 -0.7062581502 -0.0346327190 +0.0346327190 +0.7062581502 +0.00000 +0.00078 +0.00000     991.283  0.15597 -1.2666111 +0.02422  +15414.88    +0.200000  -208.677942
    91.6 +6393540.840    +9128.099       -0.000   -44.923746   +13.696872    -0.000000 -0.7062595298 -0.0346045752 +0.0346045752 +0.7062595298 +0.00000 +0.00079 +0.00000     991.283  0.15917 -1.2734302 +0.02468  +15410.36    +0.200000  -208.761035
    91.7 +6393536.346    +9129.454       -0.000   -45.888362   +13.672091    -0.000000 -0.7062608872 -0.0345768595 +0.0345768595 +0.7062608872 +0.00000 +0.00080 +0.00000     991.283  0.16227 -1.2798003 +0.02516  +15405.86    +0.200000  -208.833327
    91.8 +6393531.757    +9130.806       -0.000   -46.852895   +13.646861    -0.000000 -0.7062622635 -0.0345487363 +0.0345487363 +0.7062622635 +0.00000 +0.00081 +0.00000     991.283  0.16538 -1.2859393 +0.02578  +15401.28    +0.200000  -208.897338
    91.9 +6393526.929    +9132.197       -0.000   -47.846524   +13.620107    -0.000000 -0.7062637019 -0.0345193183 +0.0345193183 +0.7062637019 +0.00000 +0.00082 +0.00000     991.283  0.16860 -1.2920411 +0.02646  +15396.45    +0.200000   +15.907745
    92.0 +6393522.146    +9133.544       -0.000   -48.810825   +13.593555    -0.000000 -0.7062651188 -0.0344903166 +0.0344903166 +0.7062651188 +0.00000 +0.00084 +0.00000     991.283  0.17172 -1.2977555 +0.02701  +15391.67    +0.200000   +17.213982
    92.1 +6393517.267    +9134.889       -0.000   -49.775042   +13.566535    -0.000000 -0.7062665568 -0.0344608580 +0.0344608580 +0.7062665568 +0.00000 +0.00085 +0.00000     991.283  0.17484 -1.3032740 +0.02751  +15386.79    +0.192071   +18.489939
    92.2 +6393512.141    +9136.271       -0.000   -50.768391   +13.538204    -0.000000 -0.7062680604 -0.0344300282 +0.0344300282 +0.7062680604 +0.00000 +0.00086 +0.00000     991.283  0.17807 -1.3087656 +0.02800  +15381.67    +0.175245   +19.776742
    92.3 +6393507.069    +9137.610       -0.000   -51.732439   +13.510225    -0.000000 -0.7062695405 -0.0343996541 +0.0343996541 +0.7062695405 +0.00000 +0.00088 +0.00000     991.283  0.18120 -1.3139168 +0.02851  +15376.60    +0.160971   +21.001828
    92.4 +6393501.901    +9138.946       -0.000   -52.696404   +13.481767    -0.000000 -0.7062710402 -0.0343688491 +0.0343688491 +0.7062710402 +0.00000 +0.00089 +0.00000     991.283  0.18434 -1.3189008 +0.02902  +15371.43    +0.147784   +22.206014
    92.5 +6393496.477    +9140.320       -0.000   -53.689492   +13.451945    -0.000000 -0.7062726052 -0.0343366734 +0.0343366734 +0.7062726052 +0.00000 +0.00090 +0.00000     991.283  0.18758 -1.3238697 +0.02952  +15366.01    +0.134559   +23.427163
    92.6 +6393491.115    +9141.650       -0.000   -54.653287   +13.422508    -0.000000 -0.7062741428 -0.0343050322 +0.0343050322 +0.7062741428 +0.00000 +0.00091 +0.00000     991.283  0.19073 -1.3285391 +0.03003  +15360.65    +0.123347   +24.595394
    92.7 +6393485.658    +9142.978       -0.000   -55.616999   +13.392585    -0.000000 -0.7062756981 -0.0342729972 +0.0342729972 +0.7062756981 +0.00000 +0.00092 +0.00000     991.283  0.19388 -1.3330648 +0.03055  +15355.20    +0.112968   +25.748544
    92.8 +6393479.936    +9144.342       -0.000   -56.609827   +13.361242    -0.000000 -0.7062773183 -0.0342395917 +0.0342395917 +0.7062773183 +0.00000 +0.00093 +0.00000     991.283  0.19712 -1.3375845 +0.03106  +15349.48    +0.102514   +26.922389
    92.9 +6393474.286    +9145.663       -0.000   -57.573369   +13.330322    -0.000000 -0.7062789076 -0.0342067920 +0.0342067920 +0.7062789076 +0.00000 +0.00094 +0.00000     991.283  0.20028 -1.3418389 +0.03158  +15343.83    +0.093657   +28.049180
    93.0 +6393468.539    +9146.982       -0.000   -58.536828   +13.298907    -0.000000 -0.7062805129 -0.0341736316 +0.0341736316 +0.7062805129 +0.00000 +0.00095 +0.00000     991.283  0.20344 -1.3459689 +0.03211  +15338.08    +0.085446   +29.164762
    93.1 +6393462.520    +9148.336       -0.000   -59.529394   +13.266019    -0.000000 -0.7062821829 -0.0341391001 +0.0341391001 +0.7062821829 +0.00000 +0.00096 +0.00000     991.283  0.20670 -1.3501000 +0.03263  +15332.06    +0.077138   +30.303478
    93.2 +6393456.580    +9149.648       -0.000   -60.492683   +13.233592    -0.000000 -0.7062838188 -0.0341052387 +0.0341052387 +0.7062838188 +0.00000 +0.00097 +0.00000     991.283  0.20986 -1.3539946 +0.03315  +15326.13    +0.070109   +31.399257
    93.3 +6393450.545    +9150.957       -0.000   -61.455888   +13.200662    -0.000000 -0.7062854691 -0.0340710464 +0.0340710464 +0.7062854691 +0.00000 +0.00098 +0.00000     991.283  0.21303 -1.3577810 +0.03369  +15320.09    +0.063583   +32.486538
    93.4 +6393444.227    +9152.302       -0.000   -62.448194   +13.166207    -0.000000 -0.7062871838 -0.0340354815 +0.0340354815 +0.7062871838 +0.00000 +0.00099 +0.00000     991.283  0.21629 -1.3615739 +0.03421  +15313.78    +0.056950   +33.598638
    93.5 +6393437.999    +9153.603       -0.000   -63.411229   +13.132252    -0.000000 -0.7062888617 -0.0340006450 +0.0340006450 +0.7062888617 +0.00000 +0.00100 +0.00000     991.283  0.21946 -1.3651548 +0.03475  +15307.55    +0.051348   +34.670805
    93.6 +6393431.675    +9154.902       -0.000   -64.374180   +13.097788    -0.000000 -0.7062905525 -0.0339655042 +0.0339655042 +0.7062905525 +0.00000 +0.00101 +0.00000     991.283  0.22264 -1.3686409 +0.03551  +15301.23    +0.046140   +35.736451
    93.7 +6393425.060    +9156.236       -0.000   -65.366150   +13.061304    -0.000000 -0.7062923076 -0.0339289877 +0.0339289877 +0.7062923076 +0.00000 +0.00102 +0.00000     991.283  0.22591 -1.3721441 +0.03633  +15294.62    +0.040168   +37.404623
    93.8 +6393418.542    +9157.527       -0.000   -66.328840   +13.025256    -0.000000 -0.7062940235 -0.0338932501 +0.0338932501 +0.7062940235 +0.00000 +0.00103 +0.00000     991.283  0.22908 -1.3754574 +0.03693  +15288.10    +0.035728   +38.474918
    93.9 +6393411.929    +9158.815       -0.000   -67.291445   +12.988687    -0.000000 -0.7062957511 -0.0338572292 +0.0338572292 +0.7062957511 +0.00000 +0.00103 +0.00000     991.283  0.23226 -1.3786874 +0.03749  +15281.49    +0.031595   +39.540107
    94.0 +6393405.016    +9160.138       -0.000   -68.283131   +12.950464    -0.000000 -0.7062975430 -0.0338198282 +0.0338198282 +0.7062975430 +0.00000 +0.00104 +0.00000     991.283  0.23554 -1.3819314 +0.03803  +15274.58    +0.027355   +40.632676
    94.1 +6393398.210    +9161.418       -0.000   -69.245563   +12.912833    -0.000000 -0.7062992933 -0.0337832544 +0.0337832544 +0.7062992933 +0.00000 +0.00105 +0.00000     991.283  0.23872 -1.3850021 +0.03858  +15267.77    +0.023793   +41.688751
    94.2 +6393391.309    +9162.695       -0.000   -70.207910   +12.874678    -0.000000 -0.7063010542 -0.0337464186 +0.0337464186 +0.7063010542 +0.00000 +0.00106 +0.00000     991.283  0.24190 -1.3879989 +0.03914  +15260.87    +0.020475   +42.740892
    94.3 +6393384.098    +9164.006       -0.000   -71.199330   +12.834815    -0.000000 -0.7063028793 -0.0337081995 +0.0337081995 +0.7063028793 +0.00000 +0.00106 +0.00000     991.283  0.24519 -1.3910124 +0.03969  +15253.67    +0.017054   +43.821148
    94.4 +6393377.004    +9165.275       -0.000   -72.161504   +12.795590    -0.000000 -0.7063046607 -0.0336708516 +0.0336708516 +0.7063046607 +0.00000 +0.00107 +0.00000     991.283  0.24837 -1.3938681 +0.04025  +15246.57    +0.014190   +44.865780
    94.5 +6393369.813    +9166.540       -0.000   -73.123592   +12.755835    -0.000000 -0.7063064517 -0.0336332608 +0.0336332608 +0.7063064517 +0.00000 +0.00108 +0.00000     991.283  0.25156 -1.3966582 +0.04081  +15239.38    +0.011520   +45.863170
    94.6 +6393362.306    +9167.839       -0.000   -74.114746   +12.714322    -0.000000 -0.7063083067 -0.0335942830 +0.0335942830 +0.7063083067 +0.00000 +0.00109 +0.00000     991.283  0.25485 -1.3994670 +0.04136  +15231.88    +0.008753   +46.821228
    94.7 +6393354.922    +9169.096       -0.000   -75.076661   +12.673491    -0.000000 -0.7063101163 -0.0335562166 +0.0335562166 +0.7063101163 +0.00000 +0.00109 +0.00000     991.283  0.25804 -1.4021314 +0.04192  +15224.50    +0.006446   +47.694667
    94.8 +6393347.443    +9170.348       -0.000   -76.038491   +12.632128    -0.000000 -0.7063119345 -0.0335179243 +0.0335179243 +0.7063119345 +0.00000 +0.00110 +0.00000     991.283  0.26123 -1.4047374 +0.04248  +15217.02    +0.004295   +48.521817
    94.9 +6393339.638    +9171.635       -0.000   -77.029378   +12.588954    -0.000000 -0.7063138165 -0.0334782409 +0.0334782409 +0.7063138165 +0.00000 +0.00110 +0.00000     991.283  0.26452 -1.4073634 +0.04304  +15209.22    +0.002052   +49.333940
    95.0 +6393331.966    +9172.879       -0.000   -77.991035   +12.546509    -0.000000 -0.7063156514 -0.0334395057 +0.0334395057 +0.7063156514 +0.00000 +0.00111 +0.00000     991.283  0.26771 -1.4098570 +0.04387  +15201.55    +0.000192   +50.090179
    95.1 +6393324.199    +9174.119       -0.000   -78.952519   +12.503002    -0.000000 -0.7063174942 -0.0334005587 +0.0334005587 +0.7063174942 +0.00000 +0.00112 +0.00000     991.283  0.27091 -1.4123046 +0.04479  +15193.78    -0.001537   +51.616402
    95.2 +6393316.097    +9175.392       -0.000   -79.943025   +12.457465    -0.000000 -0.7063194010 -0.0333602128 +0.0333602128 +0.7063194010 +0.00000 +0.00112 +0.00000     991.283  0.27420 -1.4147751 +0.04543  +15185.68    -0.003357   +52.358769
    95.3 +6393308.136    +9176.623       -0.000   -80.904311   +12.412717    -0.000000 -0.7063212592 -0.0333208457 +0.0333208457 +0.7063212592 +0.00000 +0.00113 +0.00000     991.283  0.27740 -1.4171234 +0.04600  +15177.72    -0.004857   +53.062434
    95.4 +6393300.081    +9177.850       -0.000   -81.865511   +12.367427    -0.000000 -0.7063231247 -0.0332812783 +0.0332812783 +0.7063231247 +0.00000 +0.00113 +0.00000     991.283  0.28059 -1.4194245 +0.04658  +15169.67    -0.006256   +53.753232
    95.5 +6393291.681    +9179.109       -0.000   -82.855747   +12.320196    -0.000000 -0.7063250541 -0.0332403070 +0.0332403070 +0.7063250541 +0.00000 +0.00114 +0.00000     991.283  0.28389 -1.4217476 +0.04714  +15161.27    -0.007734   +54.454877
    95.6 +6393283.433    +9180.326       -0.000   -83.816771   +12.273804    -0.000000 -0.7063269335 -0.0332003460 +0.0332003460 +0.7063269335 +0.00000 +0.00115 +0.00000     991.283  0.28709 -1.4239577 +0.04771  +15153.02    -0.008943   +55.128905
    95.7 +6393275.089    +9181.539       -0.000   -84.777709   +12.226868    -0.000000 -0.7063288196 -0.0331601971 +0.0331601971 +0.7063288196 +0.00000 +0.00115 +0.00000     991.283  0.29029 -1.4261252 +0.04829  +15144.68    -0.010070   +55.798436
    95.8 +6393266.392    +9182.784       -0.000   -85.767677   +12.177941    -0.000000 -0.7063307694 -0.0331186391 +0.0331186391 +0.7063307694 +0.00000 +0.00116 +0.00000     991.283  0.29358 -1.4283153 +0.04885  +15135.99    -0.011270   +56.485687
    95.9 +6393257.855    +9183.987       -0.000   -86.728440   +12.129902    -0.000000 -0.7063326681 -0.0330781204 +0.0330781204 +0.7063326681 +0.00000 +0.00116 +0.00000     991.283  0.29679 -1.4304005 +0.04943  +15127.45    -0.012242   +57.152008
    96.0 +6393249.223    +9185.186       -0.000   -87.689117   +12.081320    -0.000000 -0.7063345727 -0.0330374248 +0.0330374248 +0.7063345727 +0.00000 +0.00117 +0.00000     991.283  0.29999 -1.4324471 +0.05000  +15118.82    -0.013148   +57.819124
    96.1 +6393240.230    +9186.416       -0.000   -88.678815   +12.030697    -0.000000 -0.7063365410 -0.0329953148 +0.0329953148 +0.7063365410 +0.00000 +0.00117 +0.00000     991.283  0.30329 -1.4345167 +0.05057  +15109.83    -0.014122   +58.508627
    96.2 +6393231.404    +9187.604       -0.000   -89.639318   +11.981011    -0.000000 -0.7063384571 -0.0329542707 +0.0329542707 +0.7063384571 +0.00000 +0.00118 +0.00000     991.283  0.30649 -1.4364887 +0.05150  +15101.01    -0.014902   +59.181072
    96.3 +6393222.484    +9188.788       -0.000   -90.599621   +11.930094    -0.000000 -0.7063403787 -0.0329130583 +0.0329130583 +0.7063403787 +0.00000 +0.00118 +0.00000     991.283  0.30970 -1.4384330 +0.05249  +15092.09    -0.015405   +60.794800
    96.4 +6393213.194    +9190.002       -0.000   -91.588918   +11.876961    -0.000000 -0.7063423641 -0.0328704219 +0.0328704219 +0.7063423641 +0.00000 +0.00119 +0.00000     991.283  0.31300 -1.4404017 +0.05311  +15082.80    -0.016206   +61.507791
    96.5 +6393204.080    +9191.176       -0.000   -92.549030   +11.824834    -0.000000 -0.7063442965 -0.0328288724 +0.0328288724 +0.7063442965 +0.00000 +0.00119 +0.00000     991.283  0.31620 -1.4422789 +0.05369  +15073.69    -0.016840   +62.205545
    96.6 +6393194.872    +9192.344       -0.000   -93.509055   +11.772160    -0.000000 -0.7063462338 -0.0327871615 +0.0327871615 +0.7063462338 +0.00000 +0.00120 +0.00000     991.283  0.31941 -1.4441241 +0.05427  +15064.48    -0.017429   +62.909517
    96.7 +6393185.285    +9193.542       -0.000   -94.498082   +11.717316    -0.000000 -0.7063482350 -0.0327440206 +0.0327440206 +0.7063482350 +0.00000 +0.00120 +0.00000     991.283  0.32271 -1.4459927 +0.05484  +15054.90    -0.018076   +63.641825
    96.8 +6393175.884    +9194.699       -0.000   -95.457932   +11.663531    -0.000000 -0.7063501822 -0.0327019903 +0.0327019903 +0.7063501822 +0.00000 +0.00120 +0.00000     991.283  0.32592 -1.4477757 +0.05541  +15045.50    -0.018580   +64.359793
    96.9 +6393166.387    +9195.851       -0.000   -96.417695   +11.609200    -0.000000 -0.7063521339 -0.0326598067 +0.0326598067 +0.7063521339 +0.00000 +0.00121 +0.00000     991.283  0.32912 -1.4495295 +0.05599  +15036.00    -0.019046   +65.085178
    97.0 +6393156.504    +9197.033       -0.000   -97.406453   +11.552651    -0.000000 -0.7063541494 -0.0326161873 +0.0326161873 +0.7063541494 +0.00000 +0.00121 +0.00000     991.283  0.33243 -1.4513067 +0.05656  +15026.12    -0.019566   +65.840577
    97.1 +6393146.815    +9198.174       -0.000   -98.366041   +11.497214    -0.000000 -0.7063561099 -0.0325737004 +0.0325737004 +0.7063561099 +0.00000 +0.00122 +0.00000     991.283  0.33564 -1.4530036 +0.05713  +15016.43    -0.019962   +66.581770
    97.2 +6393137.030    +9199.309       -0.000   -99.325545   +11.441233    -0.000000 -0.7063580747 -0.0325310677 +0.0325310677 +0.7063580747 +0.00000 +0.00122 +0.00000     991.283  0.33884 -1.4546736 +0.05786  +15006.65    -0.020328   +67.331020
    97.3 +6393126.850    +9200.473       -0.000  -100.313985   +11.382692    -0.000000 -0.7063601031 -0.0324869929 +0.0324869929 +0.7063601031 +0.00000 +0.00123 +0.00000     991.283  0.34215 -1.4563698 +0.05888  +14996.47    -0.020429   +69.178079
    97.4 +6393116.873    +9201.597       -0.000  -101.273169   +11.324718    -0.000000 -0.7063620760 -0.0324440678 +0.0324440678 +0.7063620760 +0.00000 +0.00123 +0.00000     991.283  0.34536 -1.4579962 +0.05978  +14986.49    -0.020754   +69.955829
    97.5 +6393106.801    +9202.716       -0.000  -102.232265   +11.266198    -0.000000 -0.7063640529 -0.0324009992 +0.0324009992 +0.7063640529 +0.00000 +0.00123 +0.00000     991.283  0.34857 -1.4595978 +0.06035  +14976.42    -0.021053   +70.742042
    97.6 +6393096.324    +9203.862       -0.000  -103.220336   +11.205335    -0.000000 -0.7063660937 -0.0323564780 +0.0323564780 +0.7063660937 +0.00000 +0.00124 +0.00000     991.283  0.35187 -1.4612227 +0.06092  +14965.95    -0.021397   +71.560971
    97.7 +6393086.059    +9204.968       -0.000  -104.179258   +11.145711    -0.000000 -0.7063680782 -0.0323131252 +0.0323131252 +0.7063680782 +0.00000 +0.00124 +0.00000     991.283  0.35508 -1.4627760 +0.06149  +14955.69    -0.021646   +72.364458
    97.8 +6393075.700    +9206.069       -0.000  -105.138094   +11.085544    -0.000000 -0.7063700663 -0.0322696355 +0.0322696355 +0.7063700663 +0.00000 +0.00125 +0.00000     991.283  0.35829 -1.4643065 +0.06207  +14945.33    -0.021874   +73.176457
    97.9 +6393064.927    +9207.197       -0.000  -106.125896   +11.022989    -0.000000 -0.7063721183 -0.0322246868 +0.0322246868 +0.7063721183 +0.00000 +0.00125 +0.00000     991.283  0.36160 -1.4658602 +0.06263  +14934.56    -0.022143   +74.021943
    98.0 +6393054.374    +9208.285       -0.000  -107.084559   +10.961727    -0.000000 -0.7063741134 -0.0321809252 +0.0321809252 +0.7063741134 +0.00000 +0.00125 +0.00000     991.283  0.36481 -1.4673461 +0.06320  +14924.01    -0.022330   +74.851147
    98.1 +6393043.727    +9209.367       -0.000  -108.043136   +10.899927    -0.000000 -0.7063761117 -0.0321370326 +0.0321370326 +0.7063761117 +0.00000 +0.00126 +0.00000     991.283  0.36802 -1.4688110 +0.06377  +14913.36    -0.022499   +75.688763
    98.2 +6393032.658    +9210.476       -0.000  -109.030672   +10.835694    -0.000000 -0.7063781738 -0.0320916747 +0.0320916747 +0.7063781738 +0.00000 +0.00126 +0.00000     991.283  0.37133 -1.4702988 +0.06471  +14902.29    -0.022707   +76.560503
    98.3 +6393021.817    +9211.545       -0.000  -109.988954   +10.772061    -0.000000 -0.7063801784 -0.0320475202 +0.0320475202 +0.7063801784 +0.00000 +0.00126 +0.00000     991.283  0.37454 -1.4717291 +0.06579  +14891.45    -0.022503   +78.627186
    98.4 +6393010.883    +9212.609       -0.000  -110.947112   +10.707651    -0.000000 -0.7063821862 -0.0320032353 +0.0320032353 +0.7063821862 +0.00000 +0.00127 +0.00000     991.283  0.37775 -1.4731420 +0.06649  +14880.52    -0.022641   +79.503203
    98.5 +6392999.517    +9213.698       -0.000  -111.934216   +10.640729    -0.000000 -0.7063842579 -0.0319574737 +0.0319574737 +0.7063842579 +0.00000 +0.00127 +0.00000     991.283  0.38106 -1.4745776 +0.06704  +14869.16    -0.022815   +80.414421
    98.6 +6392988.390    +9214.748       -0.000  -112.892201   +10.575234    -0.000000 -0.7063862718 -0.0319129290 +0.0319129290 +0.7063862718 +0.00000 +0.00128 +0.00000     991.283  0.38427 -1.4759520 +0.06761  +14858.03    -0.022923   +81.307158
    98.7 +6392977.167    +9215.792       -0.000  -113.850101   +10.509209    -0.000000 -0.7063882885 -0.0318682590 +0.0318682590 +0.7063882885 +0.00000 +0.00128 +0.00000     991.283  0.38748 -1.4773082 +0.06817  +14846.81    -0.023018   +82.208006
    98.8 +6392965.506    +9216.860       -0.000  -114.836940   +10.440628    -0.000000 -0.7063903691 -0.0318221060 +0.0318221060 +0.7063903691 +0.00000 +0.00128 +0.00000     991.283  0.39079 -1.4786869 +0.06872  +14835.15    -0.023146   +83.144546
    98.9 +6392954.091    +9217.891       -0.000  -115.794669   +10.373531    -0.000000 -0.7063923913 -0.0317771865 +0.0317771865 +0.7063923913 +0.00000 +0.00129 +0.00000     991.283  0.39400 -1.4800074 +0.06927  +14823.74    -0.023215   +84.061598
    99.0 +6392942.581    +9218.914       -0.000  -116.752313   +10.305908    -0.000000 -0.7063944159 -0.0317321464 +0.0317321464 +0.7063944159 +0.00000 +0.00129 +0.00000     991.283  0.39722 -1.4813109 +0.06983  +14812.23    -0.023274   +84.986500
    99.1 +6392930.624    +9219.962       -0.000  -117.738889   +10.235690    -0.000000 -0.7063965046 -0.0316856170 +0.0316856170 +0.7063965046 +0.00000 +0.00129 +0.00000     991.283  0.40053 -1.4826366 +0.07091  +14800.27    -0.023364   +85.947546
    99.2 +6392918.922    +9220.972       -0.000  -118.696193   +10.165964    -0.000000 -0.7063985343 -0.0316403345 +0.0316403345 +0.7063985343 +0.00000 +0.00130 +0.00000     991.283  0.40374 -1.4839155 +0.07203  +14788.57    -0.023058   +88.248585
    99.3 +6392907.125    +9221.975       -0.000  -119.653406   +10.095683    -0.000000 -0.7064005665 -0.0315949305 +0.0315949305 +0.7064005665 +0.00000 +0.00130 +0.00000     991.283  0.40695 -1.4851788 +0.07260  +14776.78    -0.023105   +89.211310
    99.4 +6392894.871    +9223.001       -0.000  -120.639539   +10.022730    -0.000000 -0.7064026629 -0.0315480252 +0.0315480252 +0.7064026629 +0.00000 +0.00130 +0.00000     991.283  0.41026 -1.4864640 +0.07314  +14764.52    -0.023180   +90.211166
    99.5 +6392882.882    +9223.990       -0.000  -121.596583    +9.951398    -0.000000 -0.7064046999 -0.0315023794 +0.0315023794 +0.7064046999 +0.00000 +0.00131 +0.00000     991.283  0.41347 -1.4876960 +0.07368  +14752.54    -0.023207   +91.189249
    99.6 +6392870.798    +9224.972       -0.000  -122.553543    +9.879552    -0.000000 -0.7064067393 -0.0314566168 +0.0314566168 +0.7064067393 +0.00000 +0.00131 +0.00000     991.283  0.41669 -1.4889131 +0.07422  +14740.45    -0.023226   +92.174766
    99.7 +6392858.249    +9225.976       -0.000  -123.539416    +9.804995    -0.000000 -0.7064088426 -0.0314093466 +0.0314093466 +0.7064088426 +0.00000 +0.00131 +0.00000     991.283  0.42000 -1.4901518 +0.07476  +14727.91    -0.023272   +93.197833
    99.8 +6392845.972    +9226.943       -0.000  -124.496208    +9.732115    -0.000000 -0.7064108863 -0.0313633510 +0.0313633510 +0.7064108863 +0.00000 +0.00132 +0.00000     991.283  0.42321 -1.4913397 +0.07529  +14715.63    -0.023275   +94.198184
    99.9 +6392833.601    +9227.903       -0.000  -125.452918    +9.658730    -0.000000 -0.7064129319 -0.0313172427 +0.0313172427 +0.7064129319 +0.00000 +0.00132 +0.00000     991.283  0.42642 -1.4925136 +0.07628  +14703.26    -0.023271   +95.205719
   100.0 +6392820.756    +9228.885       -0.000  -126.438388    +9.581715    -0.000000 -0.7064150415 -0.0312696192 +0.0312696192 +0.7064150415 +0.00000 +0.00132 +0.00000     991.283  0.42973 -1.4937156 +0.07740  +14690.42    -0.022945   +97.758400
   100.1 +6392808.193    +9229.830       -0.000  -127.394740    +9.506148    -0.000000 -0.7064170913 -0.0312232791 +0.0312232791 +0.7064170913 +0.00000 +0.00133 +0.00000     991.283  0.43295 -1.4948710 +0.07809  +14677.86    -0.022945   +98.795976
   100.2 +6392795.535    +9230.767       -0.000  -128.351010    +9.430081    -0.000000 -0.7064191430 -0.0311768247 +0.0311768247 +0.7064191430 +0.00000 +0.00133 +0.00000     991.283  0.43616 -1.4960131 +0.07862  +14665.20    -0.022938   +99.840610
   100.3 +6392782.395    +9231.725       -0.000  -129.336172    +9.351190    -0.000000 -0.7064212589 -0.0311288444 +0.0311288444 +0.7064212589 +0.00000 +0.00133 +0.00000     991.283  0.43947 -1.4971764 +0.07914  +14652.06    -0.022955  +100.924202
   100.4 +6392769.544    +9232.647       -0.000  -130.292276    +9.274120    -0.000000 -0.7064233145 -0.0310821621 +0.0310821621 +0.7064233145 +0.00000 +0.00134 +0.00000     991.283  0.44268 -1.4982926 +0.07966  +14639.21    -0.022935  +101.982939
   100.5 +6392756.600    +9233.561       -0.000  -131.248298    +9.196561    -0.000000 -0.7064253717 -0.0310353695 +0.0310353695 +0.7064253717 +0.00000 +0.00134 +0.00000     991.283  0.44590 -1.4993963 +0.08017  +14626.27    -0.022910  +103.048517
   100.6 +6392743.163    +9234.495       -0.000  -132.233207    +9.116143    -0.000000 -0.7064274931 -0.0309870452 +0.0309870452 +0.7064274931 +0.00000 +0.00134 +0.00000     991.283  0.44921 -1.5005208 +0.08068  +14612.83    -0.022907  +104.153472
   100.7 +6392730.027    +9235.394       -0.000  -133.189065    +9.037600    -0.000000 -0.7064295537 -0.0309400329 +0.0309400329 +0.7064295537 +0.00000 +0.00135 +0.00000     991.283  0.45242 -1.5016001 +0.08183  +14599.70    -0.022871  +105.232739
   100.8 +6392716.795    +9236.285       -0.000  -134.144639    +8.957336    -0.000000 -0.7064316160 -0.0308929114 +0.0308929114 +0.7064316160 +0.00000 +0.00135 +0.00000     991.283  0.45563 -1.5026768 +0.08299  +14586.47    -0.022493  +107.983457
   100.9 +6392703.063    +9237.195       -0.000  -135.129085    +8.874139    -0.000000 -0.7064337425 -0.0308442457 +0.0308442457 +0.7064337425 +0.00000 +0.00135 +0.00000     991.283  0.45894 -1.5037740 +0.08349  +14572.74    -0.022490  +109.126455
   101.0 +6392689.640    +9238.069       -0.000  -136.084495    +8.792909    -0.000000 -0.7064358081 -0.0307968999 +0.0307968999 +0.7064358081 +0.00000 +0.00136 +0.00000     991.283  0.46216 -1.5048273 +0.08399  +14559.31    -0.022456  -134.816070
   101.1 +6392676.122    +9238.936       -0.000  -137.039826    +8.711209    -0.000000 -0.7064378753 -0.0307494457 +0.0307494457 +0.7064378753 +0.00000 +0.00136 +0.00000     991.283  0.46537 -1.5058695 +0.08448  +14545.80    -0.022418  -133.785571
   101.2 +6392662.095    +9239.820       -0.000  -138.024023    +8.626545    -0.000000 -0.7064400066 -0.0307004415 +0.0307004415 +0.7064400066 +0.00000 +0.00136 +0.00000     991.283  0.46868 -1.5069318 +0.08497  +14531.77    -0.022398  -132.719716
   101.3 +6392648.385    +9240.670       -0.000  -138.979192    +8.543903    -0.000000 -0.7064420766 -0.0306527713 +0.0306527713 +0.7064420766 +0.00000 +0.00136 +0.00000     991.283  0.47189 -1.5079520 +0.08546  +14518.06    -0.022350  -131.681156
   101.4 +6392634.580    +9241.512       -0.000  -139.934282    +8.460802    -0.000000 -0.7064441480 -0.0306049967 +0.0306049967 +0.7064441480 +0.00000 +0.00137 +0.00000     991.283  0.47511 -1.5089615 +0.08641  +14504.26    -0.022299  -130.638557
   101.5 +6392620.258    +9242.371       -0.000  -140.918081    +8.373790    -0.000000 -0.7064462834 -0.0305556651 +0.0305556651 +0.7064462834 +0.00000 +0.00137 +0.00000     991.283  0.47842 -1.5099972 +0.08756  +14489.94    -0.021931  -131.589506
   101.6 +6392606.261    +9243.196       -0.000  -141.872795    +8.288452    -0.000000 -0.7064483575 -0.0305076747 +0.0305076747 +0.7064483575 +0.00000 +0.00137 +0.00000     991.283  0.48163 -1.5109950 +0.08826  +14475.94    -0.021888  -130.522442
   101.7 +6392592.170    +9244.012       -0.000  -142.827430    +8.202668    -0.000000 -0.7064504329 -0.0304595773 +0.0304595773 +0.7064504329 +0.00000 +0.00138 +0.00000     991.283  0.48484 -1.5119827 +0.08874  +14461.85    -0.021841  -129.451139
   101.8 +6392577.553    +9244.844       -0.000  -143.810913    +8.113821    -0.000000 -0.7064525725 -0.0304099120 +0.0304099120 +0.7064525725 +0.00000 +0.00138 +0.00000     991.283  0.48815 -1.5129898 +0.08920  +14447.24    -0.021810  -128.342889
   101.9 +6392563.270    +9245.644       -0.000  -144.765390    +8.027142    -0.000000 -0.7064546505 -0.0303616016 +0.0303616016 +0.7064546505 +0.00000 +0.00138 +0.00000     991.283  0.49137 -1.5139574 +0.08966  +14432.96    -0.021755  -127.262837
   102.0 +6392548.892    +9246.434       -0.000  -145.719790    +7.940030    -0.000000 -0.7064567295 -0.0303131884 +0.0303131884 +0.7064567295 +0.00000 +0.00139 +0.00000     991.283  0.49458 -1.5149154 +0.09012  +14418.58    -0.021697  -126.178408
   102.1 +6392533.980    +9247.240       -0.000  -146.703031    +7.849828    -0.000000 -0.7064588726 -0.0302632020 +0.0302632020 +0.7064588726 +0.00000 +0.00139 +0.00000     991.283  0.49789 -1.5158925 +0.09108  +14403.67    -0.021654  -125.056492
   102.2 +6392519.411    +9248.012       -0.000  -147.657109    +7.760838    -0.000000 -0.7064609536 -0.0302145825 +0.0302145825 +0.7064609536 +0.00000 +0.00139 +0.00000     991.283  0.50111 -1.5168381 +0.09227  +14389.10    -0.021265  -125.904874
   102.3 +6392504.747    +9248.776       -0.000  -148.611047    +7.671050    -0.000000 -0.7064630359 -0.0301658575 +0.0301658575 +0.7064630359 +0.00000 +0.00139 +0.00000     991.283  0.50432 -1.5177770 +0.09291  +14374.44    -0.021212  -124.790063
   102.4 +6392489.540    +9249.554       -0.000  -149.593813    +7.578105    -0.000000 -0.7064651823 -0.0301155469 +0.0301155469 +0.7064651823 +0.00000 +0.00140 +0.00000     991.283  0.50763 -1.5187348 +0.09334  +14359.23    -0.021175  -123.636626
   102.5 +6392474.684    +9250.300       -0.000  -150.547597    +7.487477    -0.000000 -0.7064672667 -0.0300666116 +0.0300666116 +0.7064672667 +0.00000 +0.00140 +0.00000     991.283  0.51084 -1.5196553 +0.09378  +14344.38    -0.021115  -122.512365
   102.6 +6392459.734    +9251.037       -0.000  -151.501305    +7.396443    -0.000000 -0.7064693519 -0.0300175750 +0.0300175750 +0.7064693519 +0.00000 +0.00140 +0.00000     991.283  0.51405 -1.5205669 +0.09420  +14329.43    -0.021052  -121.383381
   102.7 +6392444.232    +9251.787       -0.000  -152.483835    +7.302230    -0.000000 -0.7064715012 -0.0299669480 +0.0299669480 +0.7064715012 +0.00000 +0.00141 +0.00000     991.283  0.51736 -1.5214970 +0.09467  +14313.93    -0.021003  -120.215196
   102.8 +6392429.091    +9252.505       -0.000  -153.437377    +7.210298    -0.000000 -0.7064735881 -0.0299177100 +0.0299177100 +0.7064735881 +0.00000 +0.00141 +0.00000     991.283  0.52058 -1.5223917 +0.09585  +14298.79    -0.020611  -120.941604
   102.9 +6392413.855    +9253.215       -0.000  -154.390617    +7.116609    -0.000000 -0.7064756757 -0.0298683710 +0.0298683710 +0.7064756757 +0.00000 +0.00141 +0.00000     991.283  0.52379 -1.5232866 +0.09697  +14283.55    -0.020554  -119.780494
   103.0 +6392398.058    +9253.936       -0.000  -155.372666    +7.019678    -0.000000 -0.7064778276 -0.0298174292 +0.0298174292 +0.7064778276 +0.00000 +0.00142 +0.00000     991.283  0.52710 -1.5241998 +0.09737  +14267.76    -0.020511  -118.578984
   103.1 +6392382.631    +9254.626       -0.000  -156.325756    +6.925212    -0.000000 -0.7064799170 -0.0297678829 +0.0297678829 +0.7064799170 +0.00000 +0.00142 +0.00000     991.283  0.53031 -1.5250776 +0.09778  +14252.33    -0.020449  -117.407705
   103.2 +6392367.109    +9255.307       -0.000  -157.278773    +6.830371    -0.000000 -0.7064820071 -0.0297182367 +0.0297182367 +0.7064820071 +0.00000 +0.00142 +0.00000     991.283  0.53353 -1.5259473 +0.09817  +14236.81    -0.020383  -116.231346
   103.3 +6392351.018    +9255.999       -0.000  -158.260592    +6.732269    -0.000000 -0.7064841613 -0.0296669834 +0.0296669834 +0.7064841613 +0.00000 +0.00142 +0.00000     991.283  0.53684 -1.5268348 +0.09856  +14220.72    -0.020330  -115.013978
   103.4 +6392335.304    +9256.661       -0.000  -159.213460    +6.636683    -0.000000 -0.7064862526 -0.0296171392 +0.0296171392 +0.7064862526 +0.00000 +0.00143 +0.00000     991.283  0.54005 -1.5276882 +0.09947  +14205.01    -0.020259  -113.827162
   103.5 +6392319.496    +9257.313       -0.000  -160.166087    +6.539728    -0.000000 -0.7064883444 -0.0295671983 +0.0295671983 +0.7064883444 +0.00000 +0.00143 +0.00000     991.283  0.54326 -1.5285399 +0.10065  +14189.20    -0.019882  -114.399660
   103.6 +6392303.111    +9257.975       -0.000  -161.147419    +6.438946    -0.000000 -0.7064905003 -0.0295156386 +0.0295156386 +0.7064905003 +0.00000 +0.00143 +0.00000     991.283  0.54657 -1.5294124 +0.10127  +14172.81    -0.019835  -113.147086
   103.7 +6392287.111    +9258.608       -0.000  -162.099816    +6.340777    -0.000000 -0.7064925935 -0.0294654941 +0.0294654941 +0.7064925935 +0.00000 +0.00144 +0.00000     991.283  0.54978 -1.5302514 +0.10164  +14156.82    -0.019770  -111.925872
   103.8 +6392271.018    +9259.231       -0.000  -163.052141    +6.242268    -0.000000 -0.7064946872 -0.0294152516 +0.0294152516 +0.7064946872 +0.00000 +0.00144 +0.00000     991.283  0.55299 -1.5310826 +0.10200  +14140.72    -0.019703  -110.699213
   103.9 +6392254.338    +9259.863       -0.000  -164.033250    +6.140425    -0.000000 -0.7064968447 -0.0293633858 +0.0293633858 +0.7064968447 +0.00000 +0.00144 +0.00000     991.283  0.55630 -1.5319312 +0.10235  +14124.04    -0.019647  -109.429635
   104.0 +6392238.053    +9260.466       -0.000  -164.985431    +6.041242    -0.000000 -0.7064989391 -0.0293129493 +0.0293129493 +0.7064989391 +0.00000 +0.00144 +0.00000     991.283  0.55952 -1.5327472 +0.10312  +14107.76    -0.019574  -108.191771
   104.1 +6392221.674    +9261.059       -0.000  -165.937405    +5.940926    -0.000000 -0.7065010339 -0.0292624187 +0.0292624187 +0.7065010339 +0.00000 +0.00145 +0.00000     991.283  0.56273 -1.5335606 +0.10429  +14091.38    -0.019204  -108.623778
   104.2 +6392204.699    +9261.660       -0.000  -166.918021    +5.836456    -0.000000 -0.7065031925 -0.0292102539 +0.0292102539 +0.7065031925 +0.00000 +0.00145 +0.00000     991.283  0.56604 -1.5343957 +0.10501  +14074.41    -0.019154  -107.317028
   104.3 +6392188.129    +9262.233       -0.000  -167.869725    +5.734745    -0.000000 -0.7065052881 -0.0291595243 +0.0291595243 +0.7065052881 +0.00000 +0.00145 +0.00000     991.283  0.56925 -1.5351987 +0.10534  +14057.84    -0.019088  -106.042849
   104.4 +6392171.464    +9262.796       -0.000  -168.821360    +5.632732    -0.000000 -0.7065073840 -0.0291086988 +0.0291086988 +0.7065073840 +0.00000 +0.00145 +0.00000     991.283  0.57246 -1.5359946 +0.10566  +14041.18    -0.019020  -104.762843
   104.5 +6392154.196    +9263.365       -0.000  -169.801760    +5.527318    -0.000000 -0.7065095436 -0.0290562346 +0.0290562346 +0.7065095436 +0.00000 +0.00146 +0.00000     991.283  0.57577 -1.5368070 +0.10597  +14023.91    -0.018961  -103.437906
   104.6 +6392137.340    +9263.908       -0.000  -170.753255    +5.424710    -0.000000 -0.7065116398 -0.0290052198 +0.0290052198 +0.7065116398 +0.00000 +0.00146 +0.00000     991.283  0.57898 -1.5375884 +0.10676  +14007.05    -0.018888  -102.145923
   104.7 +6392120.390    +9264.440       -0.000  -171.704523    +5.320882    -0.000000 -0.7065137361 -0.0289541130 +0.0289541130 +0.7065137361 +0.00000 +0.00146 +0.00000     991.283  0.58219 -1.5383683 +0.10792  +13990.10    -0.018528  -102.427961
   104.8 +6392102.827    +9264.977       -0.000  -172.684425    +5.212910    -0.000000 -0.7065158962 -0.0289013569 +0.0289013569 +0.7065158962 +0.00000 +0.00147 +0.00000     991.283  0.58550 -1.5391686 +0.10856  +13972.54    -0.018475  -101.063796
   104.9 +6392085.686    +9265.488       -0.000  -173.635439    +5.107842    -0.000000 -0.7065179929 -0.0288500557 +0.0288500557 +0.7065179929 +0.00000 +0.00147 +0.00000     991.283  0.58871 -1.5399382 +0.10884  +13955.40    -0.018409   -99.733492
   105.0 +6392068.450    +9265.989       -0.000  -174.586385    +5.002514    -0.000000 -0.7065200897 -0.0287986613 +0.0287986613 +0.7065200897 +0.00000 +0.00147 +0.00000     991.283  0.59192 -1.5407010 +0.10912  +13938.17    -0.018340   -98.396969
   105.1 +6392050.594    +9266.494       -0.000  -175.566078    +4.893728    -0.000000 -0.7065222500 -0.0287456138 +0.0287456138 +0.7065222500 +0.00000 +0.00147 +0.00000     991.283  0.59523 -1.5414799 +0.10939  +13920.31    -0.018278   -97.013388
   105.2 +6392033.167    +9266.973       -0.000  -176.516889    +4.787890    -0.000000 -0.7065243466 -0.0286940356 +0.0286940356 +0.7065243466 +0.00000 +0.00148 +0.00000     991.283  0.59844 -1.5422289 +0.11037  +13902.88    -0.018204   -95.664084
   105.3 +6392015.646    +9267.442       -0.000  -177.467398    +4.680439    -0.000000 -0.7065264431 -0.0286423671 +0.0286423671 +0.7065264431 +0.00000 +0.00148 +0.00000     991.283  0.60165 -1.5429791 +0.11150  +13885.36    -0.017857   -95.786144
   105.4 +6391997.496    +9267.914       -0.000  -178.446589    +4.569178    -0.000000 -0.7065286032 -0.0285890345 +0.0285890345 +0.7065286032 +0.00000 +0.00148 +0.00000     991.283  0.60496 -1.5437467 +0.11190  +13867.22    -0.017802   -94.361183
   105.5 +6391979.784    +9268.361       -0.000  -179.396914    +4.460963    -0.000000 -0.7065306996 -0.0285371768 +0.0285371768 +0.7065306996 +0.00000 +0.00148 +0.00000     991.283  0.60817 -1.5444850 +0.11214  +13849.50    -0.017734   -92.971459
   105.6 +6391961.979    +9268.797       -0.000  -180.347173    +4.352533    -0.000000 -0.7065327959 -0.0284852289 +0.0284852289 +0.7065327959 +0.00000 +0.00149 +0.00000     991.283  0.61138 -1.5452168 +0.11237  +13831.70    -0.017664   -91.575108
   105.7 +6391943.535    +9269.236       -0.000  -181.326161    +4.240598    -0.000000 -0.7065349555 -0.0284316147 +0.0284316147 +0.7065349555 +0.00000 +0.00149 +0.00000     991.283  0.61469 -1.5459639 +0.11280  +13813.26    -0.017601   -90.129457
   105.8 +6391925.538    +9269.650       -0.000  -182.276218    +4.131331    -0.000000 -0.7065370511 -0.0283794896 +0.0283794896 +0.7065370511 +0.00000 +0.00149 +0.00000     991.283  0.61790 -1.5466848 +0.11392  +13795.26    -0.017258   -90.109446
   105.9 +6391907.447    +9270.054       -0.000  -183.225984    +4.020567    -0.000000 -0.7065391465 -0.0283272742 +0.0283272742 +0.7065391465 +0.00000 +0.00149 +0.00000     991.283  0.62111 -1.5474064 +0.11481  +13777.17    -0.017194   -88.671014
   106.0 +6391888.709    +9270.458       -0.000  -184.204465    +3.906256    -0.000000 -0.7065413052 -0.0282733816 +0.0282733816 +0.7065413052 +0.00000 +0.00150 +0.00000     991.283  0.62442 -1.5481431 +0.11500  +13758.43    -0.017136   -87.181730
   106.1 +6391870.428    +9270.840       -0.000  -185.154103    +3.795129    -0.000000 -0.7065434000 -0.0282209841 +0.0282209841 +0.7065434000 +0.00000 +0.00150 +0.00000     991.283  0.62763 -1.5488516 +0.11519  +13740.15    -0.017067   -85.729145
   106.2 +6391852.052    +9271.210       -0.000  -186.103679    +3.683834    -0.000000 -0.7065454944 -0.0281685001 +0.0281685001 +0.7065454944 +0.00000 +0.00150 +0.00000     991.283  0.63083 -1.5495539 +0.11537  +13721.78    -0.016997   -84.269508
   106.3 +6391833.021    +9271.580       -0.000  -187.081963    +3.568998    -0.000000 -0.7065476516 -0.0281143374 +0.0281143374 +0.7065476516 +0.00000 +0.00150 +0.00000     991.283  0.63414 -1.5502709 +0.11632  +13702.75    -0.016931   -82.758208
   106.4 +6391814.454    +9271.928       -0.000  -188.031150    +3.455885    -0.000000 -0.7065497449 -0.0280616813 +0.0280616813 +0.7065497449 +0.00000 +0.00151 +0.00000     991.283  0.63735 -1.5509685 +0.11741  +13684.18    -0.016605   -82.557938
   106.5 +6391795.793    +9272.265       -0.000  -188.980228    +3.342365    -0.000000 -0.7065518378 -0.0280089362 +0.0280089362 +0.7065518378 +0.00000 +0.00151 +0.00000     991.283  0.64056 -1.5516612 +0.11771  +13665.52    -0.016540   -81.053941
   106.6 +6391776.469    +9272.600       -0.000  -189.958001    +3.225268    -0.000000 -0.7065539936 -0.0279545022 +0.0279545022 +0.7065539936 +0.00000 +0.00151 +0.00000     991.283  0.64387 -1.5523684 +0.11785  +13646.19    -0.016479   -79.496647
   106.7 +6391757.618    +9272.914       -0.000  -190.906955    +3.111488    -0.000000 -0.7065560853 -0.0279015835 +0.0279015835 +0.7065560853 +0.00000 +0.00151 +0.00000     991.283  0.64708 -1.5530486 +0.11798  +13627.34    -0.016410   -77.977605
   106.8 +6391738.672    +9273.216       -0.000  -191.855847    +2.997590    -0.000000 -0.7065581763 -0.0278485827 +0.0278485827 +0.7065581763 +0.00000 +0.00152 +0.00000     991.283  0.65028 -1.5537226 +0.11865  +13608.40    -0.016338   -76.451070
   106.9 +6391719.055    +9273.516       -0.000  -192.833247    +2.879086    -0.000000 -0.7065603298 -0.0277938909 +0.0277938909 +0.7065603298 +0.00000 +0.00152 +0.00000     991.283  0.65359 -1.5544161 +0.11969  +13588.78    -0.016025   -76.043657
   107.0 +6391699.919    +9273.796       -0.000  -193.781698    +2.763174    -0.000000 -0.7065624193 -0.0277407207 +0.0277407207 +0.7065624193 +0.00000 +0.00152 +0.00000     991.283  0.65680 -1.5550872 +0.12022  +13569.65    -0.015961   -74.478154
   107.1 +6391680.689    +9274.064       -0.000  -194.730089    +2.647176    -0.000000 -0.7065645082 -0.0276874661 +0.0276874661 +0.7065645082 +0.00000 +0.00152 +0.00000     991.283  0.66001 -1.5557521 +0.12032  +13550.42    -0.015894   -72.904870
   107.2 +6391660.778    +9274.328       -0.000  -195.707156    +2.527580    -0.000000 -0.7065666595 -0.0276325121 +0.0276325121 +0.7065666595 +0.00000 +0.00153 +0.00000     991.283  0.66331 -1.5564309 +0.12041  +13530.51    -0.015832   -71.275712
   107.3 +6391641.357    +9274.572       -0.000  -196.655427    +2.411429    -0.000000 -0.7065687465 -0.0275790938 +0.0275790938 +0.7065687465 +0.00000 +0.00153 +0.00000     991.283  0.66652 -1.5570837 +0.12090  +13511.09    -0.015761   -69.686455
   107.4 +6391621.843    +9274.806       -0.000  -197.603498    +2.294432    -0.000000 -0.7065708326 -0.0275255976 +0.0275255976 +0.7065708326 +0.00000 +0.00153 +0.00000     991.283  0.66973 -1.5577345 +0.12194  +13491.57    -0.015449   -69.156244
   107.5 +6391601.639    +9275.034       -0.000  -198.580042    +2.172745    -0.000000 -0.7065729810 -0.0274703943 +0.0274703943 +0.7065729810 +0.00000 +0.00153 +0.00000     991.283  0.67303 -1.5584042 +0.12254  +13471.37    -0.015392   -67.476964
   107.6 +6391581.934    +9275.243       -0.000  -199.527805    +2.054599    -0.000000 -0.7065750652 -0.0274167319 +0.0274167319 +0.7065750652 +0.00000 +0.00154 +0.00000     991.283  0.67624 -1.5590482 +0.12259  +13451.66    -0.015326   -65.838756
   107.7 +6391562.135    +9275.441       -0.000  -200.475510    +1.936422    -0.000000 -0.7065771485 -0.0273629906 +0.0273629906 +0.7065771485 +0.00000 +0.00154 +0.00000     991.283  0.67945 -1.5596863 +0.12263  +13431.87    -0.015258   -64.192294
   107.8 +6391541.639    +9275.632       -0.000  -201.451873    +1.814639    -0.000000 -0.7065792936 -0.0273075409 +0.0273075409 +0.7065792936 +0.00000 +0.00154 +0.00000     991.283  0.68275 -1.5603375 +0.12307  +13411.37    -0.015193   -62.487243
   107.9 +6391521.649    +9275.806       -0.000  -202.399316    +1.695625    -0.000000 -0.7065813745 -0.0272536465 +0.0272536465 +0.7065813745 +0.00000 +0.00154 +0.00000     991.283  0.68596 -1.5609676 +0.12408  +13391.38    -0.014891   -61.777057
   108.0 +6391501.566    +9275.968       -0.000  -203.346506    +1.575533    -0.000000 -0.7065834542 -0.0271996730 +0.0271996730 +0.7065834542 +0.00000 +0.00154 +0.00000     991.283  0.68917 -1.5615972 +0.12465  +13371.30    -0.014828   -60.079668
   108.1 +6391480.777    +9276.123       -0.000  -204.322340    +1.451814    -0.000000 -0.7065855958 -0.0271439823 +0.0271439823 +0.7065855958 +0.00000 +0.00155 +0.00000     991.283  0.69247 -1.5622396 +0.12464  +13350.51    -0.014768   -58.321822
   108.2 +6391460.503    +9276.261       -0.000  -205.269416    +1.331753    -0.000000 -0.7065876732 -0.0270898530 +0.0270898530 +0.7065876732 +0.00000 +0.00155 +0.00000     991.283  0.69568 -1.5628572 +0.12463  +13330.23    -0.014700   -56.606861
   108.3 +6391440.136    +9276.387       -0.000  -206.216435    +1.211717    -0.000000 -0.7065897491 -0.0270356510 +0.0270356510 +0.7065897491 +0.00000 +0.00155 +0.00000     991.283  0.69889 -1.5634691 +0.12515  +13309.87    -0.014631   -54.883153
   108.4 +6391419.054    +9276.504       -0.000  -207.191901    +1.087042    -0.000000 -0.7065918865 -0.0269797320 +0.0269797320 +0.7065918865 +0.00000 +0.00155 +0.00000     991.283  0.70219 -1.5640984 +0.12610  +13288.79    -0.014344   -53.930289
   108.5 +6391398.496    +9276.606       -0.000  -208.138456    +0.965192    -0.000000 -0.7065939597 -0.0269253806 +0.0269253806 +0.7065939597 +0.00000 +0.00156 +0.00000     991.283  0.70540 -1.5647077 +0.12653  +13268.23    -0.014281   -52.162021
   108.6 +6391377.845    +9276.696       -0.000  -209.084955    +0.843404    -0.000000 -0.7065960315 -0.0268709551 +0.0268709551 +0.7065960315 +0.00000 +0.00156 +0.00000     991.283  0.70860 -1.5653111 +0.12647  +13247.58    -0.014216   -50.384682
   108.7 +6391356.470    +9276.776       -0.000  -210.060078    +0.717999    -0.000000 -0.7065981646 -0.0268148057 +0.0268148057 +0.7065981646 +0.00000 +0.00156 +0.00000     991.283  0.71190 -1.5659268 +0.12641  +13226.20    -0.014152   -48.543931
   108.8 +6391335.629    +9276.841       -0.000  -211.006465    +0.596361    -0.000000 -0.7066002333 -0.0267602381 +0.0267602381 +0.7066002333 +0.00000 +0.00156 +0.00000     991.283  0.71511 -1.5665186 +0.12707  +13205.36    -0.014084   -46.747984
   108.9 +6391314.694    +9276.894       -0.000  -211.952534    +0.473408    -0.000000 -0.7066023003 -0.0267056024 +0.0267056024 +0.7066023003 +0.00000 +0.00156 +0.00000     991.283  0.71832 -1.5671113 +0.12799  +13184.43    -0.013802   -45.647462
   109.0 +6391293.026    +9276.936       -0.000  -212.927113    +0.346300    -0.000000 -0.7066044284 -0.0266492354 +0.0266492354 +0.7066044284 +0.00000 +0.00157 +0.00000     991.283  0.72162 -1.5677185 +0.12816  +13162.76    -0.013743   -43.749239
   109.1 +6391271.901    +9276.964       -0.000  -213.872974    +0.223048    -0.000000 -0.7066064923 -0.0265944554 +0.0265944554 +0.7066064923 +0.00000 +0.00157 +0.00000     991.283  0.72482 -1.5683019 +0.12805  +13141.63    -0.013678   -41.897167
   109.2 +6391250.682    +9276.981       -0.000  -214.818779    +0.099918    -0.000000 -0.7066085544 -0.0265396087 +0.0265396087 +0.7066085544 +0.00000 +0.00157 +0.00000     991.283  0.72803 -1.5688797 +0.12800  +13120.42    -0.013611   -40.035497
   109.3 +6391228.723    +9276.985       -0.000  -215.793167    -0.026924    -0.000000 -0.7066106771 -0.0264830331 +0.0264830331 +0.7066106771 +0.00000 +0.00157 +0.00000     991.283  0.73133 -1.5694696 +0.12888  +13098.46    -0.013337   -38.704435
   109.4 +6391207.314    +9276.976       -0.000  -216.738491    -0.151724    -0.000000 -0.7066127355 -0.0264280543 +0.0264280543 +0.7066127355 +0.00000 +0.00157 +0.00000     991.283  0.73453 -1.5700448 +0.12971  +13077.05    -0.013275   -36.794350
   109.5 +6391185.811    +9276.955       -0.000  -217.683762    -0.276361    -0.000000 -0.7066147921 -0.0263730076 +0.0263730076 +0.7066147921 +0.00000 +0.00157 +0.00000     991.283  0.73774 -1.5706144 +0.12955  +13055.54    -0.013212   -34.874317
   109.6 +6391163.559    +9276.920       -0.000  -218.657622    -0.404597    -0.000000 -0.7066169092 -0.0263162251 +0.0263162251 +0.7066169092 +0.00000 +0.00158 +0.00000     991.283  0.74104 -1.5703975 +0.12938  +13033.29    -0.013150   -32.885629
   109.7 +6391141.867    +9276.874       -0.000  -219.602784    -0.528881    -0.000000 -0.7066189619 -0.0262610501 +0.0262610501 +0.7066189619 +0.00000 +0.00158 +0.00000     991.283  0.74424 -1.5698395 +0.12968  +13011.60    -0.013084   -30.945198
   109.8 +6391120.081    +9276.816       -0.000  -220.547719    -0.653874    -0.000000 -0.7066210125 -0.0262058154 +0.0262058154 +0.7066210125 +0.00000 +0.00158 +0.00000     991.283  0.74745 -1.5692831 +0.13053  +12989.81    -0.012817   -29.449288
   109.9 +6391097.537    +9276.743       -0.000  -221.521019    -0.783546    -0.000000 -0.7066231231 -0.0261488401 +0.0261488401 +0.7066231231 +0.00000 +0.00158 +0.00000     991.283  0.75075 -1.5687107 +0.13088  +12967.27    -0.012758   -27.398074
   110.0 +6391075.561    +9276.659       -0.000  -222.465638    -0.909182    -0.000000 -0.7066251697 -0.0260934771 +0.0260934771 +0.7066251697 +0.00000 +0.00158 +0.00000     991.283  0.75395 -1.5681610 +0.13067  +12945.29    -0.012695   -25.396588
   110.1 +6391053.491    +9276.563       -0.000  -223.410204    -1.034591    -0.000000 -0.7066272141 -0.0260380549 +0.0260380549 +0.7066272141 +0.00000 +0.00159 +0.00000     991.283  0.75715 -1.5676169 +0.13044  +12923.22    -0.012630   -23.384591
   110.2 +6391030.655    +9276.451       -0.000  -224.383338    -1.163558    -0.000000 -0.7066293180 -0.0259808946 +0.0259808946 +0.7066293180 +0.00000 +0.00159 +0.00000     991.283  0.76045 -1.5670623 +0.13121  +12900.39    -0.012565   -21.300557
   110.3 +6391008.396    +9276.330       -0.000  -225.327417    -1.290406    -0.000000 -0.7066313578 -0.0259253573 +0.0259253573 +0.7066313578 +0.00000 +0.00159 +0.00000     991.283  0.76365 -1.5665211 +0.13201  +12878.13    -0.012310   -19.569705
   110.4 +6390986.043    +9276.196       -0.000  -226.271431    -1.417046    -0.000000 -0.7066333954 -0.0258697603 +0.0258697603 +0.7066333954 +0.00000 +0.00159 +0.00000     991.283  0.76686 -1.5659853 +0.13178  +12855.78    -0.012249   -17.494236
   110.5 +6390962.916    +9276.045       -0.000  -227.243997    -1.547236    -0.000000 -0.7066354923 -0.0258124195 +0.0258124195 +0.7066354923 +0.00000 +0.00159 +0.00000     991.283  0.77016 -1.5654392 +0.13151  +12832.65    -0.012187   -15.344415
   110.6 +6390940.373    +9275.886       -0.000  -228.187904    -1.673310    -0.000000 -0.7066375251 -0.0257567113 +0.0257567113 +0.7066375251 +0.00000 +0.00159 +0.00000     991.283  0.77336 -1.5649148 +0.13180  +12810.10    -0.012122   -13.246628
   110.7 +6390917.737    +9275.714       -0.000  -229.131539    -1.800183    -0.000000 -0.7066395553 -0.0257009519 +0.0257009519 +0.7066395553 +0.00000 +0.00159 +0.00000     991.283  0.77656 -1.5643913 +0.13256  +12787.47    -0.011872   -11.312728
   110.8 +6390894.318    +9275.524       -0.000  -230.103525    -1.931507    -0.000000 -0.7066416445 -0.0256434447 +0.0256434447 +0.7066416445 +0.00000 +0.00160 +0.00000     991.283  0.77986 -1.5638538 +0.13272  +12764.05    -0.011813    -9.094927
   110.9 +6390871.492    +9275.327       -0.000  -231.046871    -2.058639    -0.000000 -0.7066436698 -0.0255875748 +0.0255875748 +0.7066436698 +0.00000 +0.00160 +0.00000     991.283  0.78306 -1.5633379 +0.13239  +12741.22    -0.011751    -6.930765
   111.0 +6390848.573    +9275.117       -0.000  -231.990164    -2.185438    -0.000000 -0.7066456924 -0.0255316551 +0.0255316551 +0.7066456924 +0.00000 +0.00160 +0.00000     991.283  0.78626 -1.5628275 +0.13228  +12718.30    -0.011687    -4.755113
   111.1 +6390824.862    +9274.888       -0.000  -232.961898    -2.316150    -0.000000 -0.7066477735 -0.0254739921 +0.0254739921 +0.7066477735 +0.00000 +0.00160 +0.00000     991.283  0.78955 -1.5623057 +0.13298  +12694.59    -0.011444    -2.540805
   111.2 +6390801.754    +9274.652       -0.000  -233.904671    -2.444248    -0.000000 -0.7066497906 -0.0254179745 +0.0254179745 +0.7066497906 +0.00000 +0.00160 +0.00000     991.283  0.79275 -1.5617982 +0.13347  +12671.48    -0.011384    -0.308064
   111.3 +6390778.552    +9274.404       -0.000  -234.847392    -2.571969    -0.000000 -0.7066518051 -0.0253619071 +0.0253619071 +0.7066518051 +0.00000 +0.00160 +0.00000     991.283  0.79595 -1.5612963 +0.13309  +12648.28    -0.011323    +1.936569
   111.4 +6390754.549    +9274.135       -0.000  -235.818624    -2.703160    -0.000000 -0.7066538777 -0.0253040923 +0.0253040923 +0.7066538777 +0.00000 +0.00160 +0.00000     991.283  0.79925 -1.5607851 +0.13272  +12624.28    -0.011261    +4.261739
   111.5 +6390731.158    +9273.861       -0.000  -236.761237    -2.830097    -0.000000 -0.7066558864 -0.0252479346 +0.0252479346 +0.7066558864 +0.00000 +0.00161 +0.00000     991.283  0.80245 -1.5602947 +0.13332  +12600.89    -0.011197    +6.530747
   111.6 +6390707.673    +9273.575       -0.000  -237.703399    -2.958522    -0.000000 -0.7066578922 -0.0251917333 +0.0251917333 +0.7066578922 +0.00000 +0.00161 +0.00000     991.283  0.80565 -1.5598018 +0.13397  +12577.40    -0.010965    +8.949080
   111.7 +6390683.380    +9273.267       -0.000  -238.674031    -3.090516    -0.000000 -0.7066599557 -0.0251337810 +0.0251337810 +0.7066599557 +0.00000 +0.00161 +0.00000     991.283  0.80894 -1.5592994 +0.13361  +12553.11    -0.010905   +11.348106
   111.8 +6390659.706    +9272.955       -0.000  -239.616060    -3.218188    -0.000000 -0.7066619556 -0.0250774902 +0.0250774902 +0.7066619556 +0.00000 +0.00161 +0.00000     991.283  0.81214 -1.5588175 +0.13318  +12529.43    -0.010844   +13.689223
   111.9 +6390635.939    +9272.630       -0.000  -240.558036    -3.345419    -0.000000 -0.7066639523 -0.0250211607 +0.0250211607 +0.7066639523 +0.00000 +0.00161 +0.00000     991.283  0.81534 -1.5583413 +0.13356  +12505.67    -0.010781   +16.042878
   112.0 +6390611.354    +9272.282       -0.000  -241.528158    -3.477622    -0.000000 -0.7066660063 -0.0249630846 +0.0249630846 +0.7066660063 +0.00000 +0.00161 +0.00000     991.283  0.81863 -1.5578498 +0.13415  +12481.08    -0.010555   +18.769904
   112.1 +6390587.397    +9271.932       -0.000  -242.469591    -3.605926    -0.000000 -0.7066679967 -0.0249066746 +0.0249066746 +0.7066679967 +0.00000 +0.00161 +0.00000     991.283  0.82183 -1.5573766 +0.13393  +12457.12    -0.010496   +21.185505
   112.2 +6390563.347    +9271.569       -0.000  -243.410970    -3.733745    -0.000000 -0.7066699840 -0.0248502266 +0.0248502266 +0.7066699840 +0.00000 +0.00161 +0.00000     991.283  0.82502 -1.5569091 +0.13344  +12433.07    -0.010435   +23.614074
   112.3 +6390538.471    +9271.181       -0.000  -244.380820    -3.864921    -0.000000 -0.7066720280 -0.0247920322 +0.0247920322 +0.7066720280 +0.00000 +0.00162 +0.00000     991.283  0.82832 -1.5564333 +0.13363  +12408.20    -0.010373   +26.129885
   112.4 +6390514.233    +9270.793       -0.000  -245.321806    -3.993016    -0.000000 -0.7066740085 -0.0247355164 +0.0247355164 +0.7066740085 +0.00000 +0.00162 +0.00000     991.283  0.83151 -1.5559718 +0.13419  +12383.96    -0.010153   +29.032369
   112.5 +6390489.901    +9270.391       -0.000  -246.262576    -4.121316    -0.000000 -0.7066759857 -0.0246789642 +0.0246789642 +0.7066759857 +0.00000 +0.00162 +0.00000     991.283  0.83471 -1.5555131 +0.13405  +12359.62    -0.010095   +31.538313
   112.6 +6390464.734    +9269.964       -0.000  -247.231797    -4.252941    -0.000000 -0.7066780193 -0.0246206634 +0.0246206634 +0.7066780193 +0.00000 +0.00162 +0.00000     991.283  0.83800 -1.5550464 +0.13352  +12334.46    -0.010035   +34.134308
   112.7 +6390440.213    +9269.537       -0.000  -248.172456    -4.380143    -0.000000 -0.7066799895 -0.0245640474 +0.0245640474 +0.7066799895 +0.00000 +0.00162 +0.00000     991.283  0.84120 -1.5545991 +0.13359  +12309.94    -0.009973   +36.667731
   112.8 +6390415.599    +9269.097       -0.000  -249.112797    -4.507955    -0.000000 -0.7066819562 -0.0245074041 +0.0245074041 +0.7066819562 +0.00000 +0.00162 +0.00000     991.283  0.84439 -1.5541527 +0.13410  +12285.32    -0.009760   +39.828800
   112.9 +6390390.141    +9268.631       -0.000  -250.081376    -4.639914    -0.000000 -0.7066839788 -0.0244490115 +0.0244490115 +0.7066839788 +0.00000 +0.00162 +0.00000     991.283  0.84768 -1.5536952 +0.13397  +12259.86    -0.009702   +42.507601
   113.0 +6390365.338    +9268.165       -0.000  -251.021410    -4.767394    -0.000000 -0.7066859383 -0.0243923077 +0.0243923077 +0.7066859383 +0.00000 +0.00162 +0.00000     991.283  0.85087 -1.5532570 +0.13338  +12235.06    -0.009643   +45.121861
   113.1 +6390340.442    +9267.687       -0.000  -251.961389    -4.894280    -0.000000 -0.7066878940 -0.0243355793 +0.0243355793 +0.7066878940 +0.00000 +0.00162 +0.00000     991.283  0.85407 -1.5528243 +0.13342  +12210.16    -0.009583   +47.750241
   113.2 +6390314.694    +9267.182       -0.000  -252.929509    -5.025599    -0.000000 -0.7066899051 -0.0242771086 +0.0242771086 +0.7066899051 +0.00000 +0.00162 +0.00000     991.283  0.85736 -1.5523796 +0.13387  +12184.41    -0.009376   +51.263515
   113.3 +6390289.609    +9266.678       -0.000  -253.868905    -5.153243    -0.000000 -0.7066918533 -0.0242203312 +0.0242203312 +0.7066918533 +0.00000 +0.00162 +0.00000     991.283  0.86055 -1.5519504 +0.13368  +12159.33    -0.009319   +53.961244
   113.4 +6390264.430    +9266.162       -0.000  -254.808243    -5.280247    -0.000000 -0.7066937978 -0.0241635308 +0.0241635308 +0.7066937978 +0.00000 +0.00162 +0.00000     991.283  0.86374 -1.5515269 +0.13305  +12134.15    -0.009260   +56.673566
   113.5 +6390238.392    +9265.617       -0.000  -255.775987    -5.410424    -0.000000 -0.7066957970 -0.0241049891 +0.0241049891 +0.7066957970 +0.00000 +0.00162 +0.00000     991.283  0.86703 -1.5510965 +0.13311  +12108.11    -0.009199   +59.483434
   113.6 +6390213.025    +9265.075       -0.000  -256.714888    -5.537444    -0.000000 -0.7066977334 -0.0240481519 +0.0240481519 +0.7066977334 +0.00000 +0.00163 +0.00000     991.283  0.87022 -1.5506791 +0.13352  +12082.74    -0.009000   +63.200155
   113.7 +6390187.565    +9264.521       -0.000  -257.653572    -5.664449    -0.000000 -0.7066996659 -0.0239912938 +0.0239912938 +0.7066996659 +0.00000 +0.00163 +0.00000     991.283  0.87341 -1.5502649 +0.13319  +12057.28    -0.008943   +65.999143
   113.8 +6390161.237    +9263.937       -0.000  -258.620639    -5.794579    -0.000000 -0.7067016528 -0.0239326946 +0.0239326946 +0.7067016528 +0.00000 +0.00163 +0.00000     991.283  0.87669 -1.5498441 +0.13251  +12030.95    -0.008884   +68.898813
   113.9 +6390135.588    +9263.357       -0.000  -259.559202    -5.920175    -0.000000 -0.7067035771 -0.0238758053 +0.0238758053 +0.7067035771 +0.00000 +0.00163 +0.00000     991.283  0.87988 -1.5494413 +0.13265  +12005.30    -0.008825   +71.728687
   114.0 +6390109.847    +9262.765       -0.000  -260.497319    -6.046636    -0.000000 -0.7067054972 -0.0238189037 +0.0238189037 +0.7067054972 +0.00000 +0.00163 +0.00000     991.283  0.88307 -1.5490381 +0.13300  +11979.56    -0.008633   +75.741785
   114.1 +6390083.228    +9262.141       -0.000  -261.463693    -6.176594    -0.000000 -0.7067074713 -0.0237602618 +0.0237602618 +0.7067074713 +0.00000 +0.00163 +0.00000     991.283  0.88636 -1.5486270 +0.13250  +11952.94    -0.008576   +78.734157
   114.2 +6390057.298    +9261.524       -0.000  -262.401582    -6.301979    -0.000000 -0.7067093830 -0.0237033331 +0.0237033331 +0.7067093830 +0.00000 +0.00163 +0.00000     991.283  0.88954 -1.5482338 +0.13177  +11927.01    -0.008518   +81.654518
   114.3 +6390031.276    +9260.894       -0.000  -263.339409    -6.426618    -0.000000 -0.7067112903 -0.0236463971 +0.0236463971 +0.7067112903 +0.00000 +0.00163 +0.00000     991.283  0.89273 -1.5478461 +0.13203  +11900.99    -0.008460   +84.590731
   114.4 +6390004.367    +9260.232       -0.000  -264.305103    -6.556160    -0.000000 -0.7067132510 -0.0235877278 +0.0235877278 +0.7067132510 +0.00000 +0.00163 +0.00000     991.283  0.89601 -1.5474453 +0.13231  +11874.08    -0.008273   +89.004881
   114.5 +6389978.156    +9259.577       -0.000  -265.242301    -6.681210    -0.000000 -0.7067151496 -0.0235307746 +0.0235307746 +0.7067151496 +0.00000 +0.00163 +0.00000     991.283  0.89920 -1.5470616 +0.13160  +11847.87    -0.008217   +92.018638
   114.6 +6389951.852    +9258.910       -0.000  -266.179435    -6.805470    -0.000000 -0.7067170438 -0.0234738162 +0.0234738162 +0.7067170438 +0.00000 +0.00163 +0.00000     991.283  0.90239 -1.5466836 +0.13104  +11821.56    -0.008160   +95.048766
   114.7 +6389924.654    +9258.209       -0.000  -267.144791    -6.933083    -0.000000 -0.7067189906 -0.0234151306 +0.0234151306 +0.7067189906 +0.00000 +0.00163 +0.00000     991.283  0.90567 -1.5462985 +0.13128  +11794.36    -0.007976   +99.726807
   114.8 +6389898.162    +9257.517       -0.000  -268.081279    -7.057675    -0.000000 -0.7067208756 -0.0233581673 +0.0233581673 +0.7067208756 +0.00000 +0.00163 +0.00000     991.283  0.90885 -1.5459246 +0.13131  +11767.87    -0.007922  +102.836951
   114.9 +6389871.577    +9256.812       -0.000  -269.017701    -7.181432    -0.000000 -0.7067227561 -0.0233012013 +0.0233012013 +0.7067227561 +0.00000 +0.00163 +0.00000     991.283  0.91203 -1.5455563 +0.13049  +11741.28    -0.007867  +105.963998
   115.0 +6389844.089    +9256.073       -0.000  -269.982431    -7.308062    -0.000000 -0.7067246888 -0.0232425104 +0.0232425104 +0.7067246888 +0.00000 +0.00163 +0.00000     991.283  0.91531 -1.5451828 +0.13014  +11713.79    -0.007809  +109.203586
   115.1 +6389817.316    +9255.344       -0.000  -270.918478    -7.431000    -0.000000 -0.7067265598 -0.0231855504 +0.0231855504 +0.7067265598 +0.00000 +0.00163 +0.00000     991.283  0.91850 -1.5448227 +0.13035  +11687.02    -0.007633  +114.126000
   115.2 +6389790.450    +9254.602       -0.000  -271.854170    -7.554129    -0.000000 -0.7067284261 -0.0231285917 +0.0231285917 +0.7067284261 +0.00000 +0.00163 +0.00000     991.283  0.92168 -1.5444644 +0.13005  +11660.15    -0.007580  +117.353056
   115.3 +6389762.673    +9253.826       -0.000  -272.818144    -7.680066    -0.000000 -0.7067303441 -0.0230699111 +0.0230699111 +0.7067303441 +0.00000 +0.00163 +0.00000     991.283  0.92496 -1.5441011 +0.12920  +11632.37    -0.007523  +120.696257
   115.4 +6389735.619    +9253.060       -0.000  -273.753695    -7.801404    -0.000000 -0.7067322007 -0.0230129646 +0.0230129646 +0.7067322007 +0.00000 +0.00163 +0.00000     991.283  0.92814 -1.5437543 +0.12914  +11605.32    -0.007467  +123.959044
   115.5 +6389708.473    +9252.281       -0.000  -274.688750    -7.923366    -0.000000 -0.7067340524 -0.0229560276 +0.0229560276 +0.7067340524 +0.00000 +0.00163 +0.00000     991.283  0.93132 -1.5434074 +0.12929  +11578.17    -0.007298  +129.232946
   115.6 +6389680.407    +9251.467       -0.000  -275.651948    -8.048481    -0.000000 -0.7067359552 -0.0228973725 +0.0228973725 +0.7067359552 +0.00000 +0.00163 +0.00000     991.283  0.93459 -1.5430545 +0.12861  +11550.10    -0.007243  +132.683047
   115.7 +6389653.073    +9250.664       -0.000  -276.586743    -8.168975    -0.000000 -0.7067377970 -0.0228404535 +0.0228404535 +0.7067377970 +0.00000 +0.00163 +0.00000     991.283  0.93777 -1.5427177 +0.12786  +11522.77    -0.007189  +136.050163
   115.8 +6389625.646    +9249.850       -0.000  -277.521381    -8.288832    -0.000000 -0.7067396337 -0.0227835497 +0.0227835497 +0.7067396337 +0.00000 +0.00163 +0.00000     991.283  0.94095 -1.5423855 +0.12798  +11495.34    -0.007024  +141.621304
   115.9 +6389597.291    +9248.998       -0.000  -278.483780    -8.412993    -0.000000 -0.7067415209 -0.0227249353 +0.0227249353 +0.7067415209 +0.00000 +0.00163 +0.00000     991.283  0.94422 -1.5420430 +0.12791  +11466.98    -0.006970  +145.181681
   116.0 +6389569.676    +9248.160       -0.000  -279.417797    -8.532519    -0.000000 -0.7067433474 -0.0226680589 +0.0226680589 +0.7067433474 +0.00000 +0.00163 +0.00000     991.283  0.94740 -1.5417164 +0.12697  +11439.37    -0.006917  +148.656418
   116.1 +6389541.969    +9247.309       -0.000  -280.351738    -8.651076    -0.000000 -0.7067451688 -0.0226112006 +0.0226112006 +0.7067451688 +0.00000 +0.00162 +0.00000     991.283  0.95057 -1.5413954 +0.12663  +11411.66    -0.006863  +152.150050
   116.2 +6389513.325    +9246.421       -0.000  -281.313556    -8.773348    -0.000000 -0.7067470399 -0.0225526411 +0.0225526411 +0.7067470399 +0.00000 +0.00162 +0.00000     991.283  0.95384 -1.5410665 +0.12668  +11383.02    -0.006703  +158.210380
   116.3 +6389485.431    +9245.546       -0.000  -282.246773    -8.891779    -0.000000 -0.7067488507 -0.0224958220 +0.0224958220 +0.7067488507 +0.00000 +0.00162 +0.00000     991.283  0.95702 -1.5407502 +0.12613  +11355.12    -0.006651  +161.796120
   116.4 +6389457.443    +9244.661       -0.000  -283.179910    -9.009200    -0.000000 -0.7067506563 -0.0224390242 +0.0224390242 +0.7067506563 +0.00000 +0.00162 +0.00000     991.283  0.96019 -1.5404395 +0.12521  +11327.13    -0.006599  +165.401350
   116.5 +6389428.511    +9243.736       -0.000  -284.141205    -9.129237    -0.000000 -0.7067525110 -0.0223805317 +0.0223805317 +0.7067525110 +0.00000 +0.00162 +0.00000     991.283  0.96346 -1.5401249 +0.12522  +11298.20    -0.006442  +171.787982
   116.6 +6389400.337    +9242.826       -0.000  -285.073597    -9.246447    -0.000000 -0.7067543057 -0.0223237848 +0.0223237848 +0.7067543057 +0.00000 +0.00162 +0.00000     991.283  0.96663 -1.5398190 +0.12518  +11270.02    -0.006392  +175.488197
   116.7 +6389372.070    +9241.905       -0.000  -286.005907    -9.362608    -0.000000 -0.7067560951 -0.0222670623 +0.0222670623 +0.7067560951 +0.00000 +0.00162 +0.00000     991.283  0.96980 -1.5395187 +0.12417  +11241.75    -0.006340  +179.208513
   116.8 +6389342.849    +9240.944       -0.000  -286.966380    -9.481192    -0.000000 -0.7067579330 -0.0222086510 +0.0222086510 +0.7067579330 +0.00000 +0.00162 +0.00000     991.283  0.97307 -1.5392153 +0.12370  +11212.53    -0.006286  +183.062704
   116.9 +6389314.395    +9240.000       -0.000  -287.898194    -9.596219    -0.000000 -0.7067597112 -0.0221519899 +0.0221519899 +0.7067597112 +0.00000 +0.00162 +0.00000     991.283  0.97624 -1.5389228 +0.12367  +11184.08    -0.006138  +189.752160
   117.0 +6389285.848    +9239.045       -0.000  -288.829651    -9.710995    -0.000000 -0.7067614839 -0.0220953577 +0.0220953577 +0.7067614839 +0.00000 +0.00162 +0.00000     991.283  0.97941 -1.5386331 +0.12308  +11155.53    -0.006088  +193.591143
   117.1 +6389256.340    +9238.048       -0.000  -289.789242    -9.828113    -0.000000 -0.7067633046 -0.0220370429 +0.0220370429 +0.7067633046 +0.00000 +0.00162 +0.00000     991.283  0.98267 -1.5383405 +0.12214  +11126.02    -0.006035  +197.568253
   117.2 +6389227.606    +9237.070       -0.000  -290.720466    -9.940844    -0.000000 -0.7067650660 -0.0219804802 +0.0219804802 +0.7067650660 +0.00000 +0.00162 +0.00000     991.283  0.98556 -1.5380615 +0.12204  +11097.28    -0.005894  +203.989032
   117.3 +6389198.780    +9236.080       -0.000  -291.651066   -10.054047    -0.000000 -0.7067668217 -0.0219239532 +0.0219239532 +0.7067668217 +0.00000 +0.00162 +0.00000     991.283  0.98872 -1.5377827 +0.12184  +11068.46    -0.005846  +207.943881
   117.4 +6389168.985    +9235.049       -0.000  -292.609770   -10.169508    -0.000000 -0.7067686248 -0.0218657508 +0.0218657508 +0.7067686248 +0.00000 +0.00161 +0.00000     991.283  0.99198 -1.5375012 +0.12078  +11038.66    -0.005793  +212.040972
   117.5 +6389139.972    +9234.037       -0.000  -293.540183   -10.280437    -0.000000 -0.7067703689 -0.0218093010 +0.0218093010 +0.7067703689 +0.00000 +0.00161 +0.00000     991.283  0.99514 -1.5372337 +0.12024  +11009.64    -0.005743  +216.039416
   117.6 +6389110.866    +9233.014       -0.000  -294.470166   -10.391195    -0.000000 -0.7067721073 -0.0217528941 +0.0217528941 +0.7067721073 +0.00000 +0.00161 +0.00000     991.283  0.99683 -1.5369683 +0.11995  +10980.54    -0.005622  +220.107244
   117.7 +6389080.783    +9231.948       -0.000  -295.428057   -10.504601    -0.000000 -0.7067738922 -0.0216948215 +0.0216948215 +0.7067738922 +0.00000 +0.00161 +0.00000     991.283  1.00008 -1.5366990 +0.11913  +10950.45    -0.005570  +224.299926
   117.8 +6389051.491    +9230.903       -0.000  -296.357677   -10.613509    -0.000000 -0.7067756187 -0.0216385030 +0.0216385030 +0.7067756187 +0.00000 +0.00161 +0.00000     991.283  1.00323 -1.5364433 +0.11826  +10921.16    -0.005521  +228.391490
   117.9 +6389022.107    +9229.847       -0.000  -297.287058   -10.721655    -0.000000 -0.7067773392 -0.0215822337 +0.0215822337 +0.7067773392 +0.00000 +0.00161 +0.00000     991.283  1.00490 -1.5361916 +0.11795  +10891.77    -0.005402  +232.639306
   118.0 +6388991.736    +9228.748       -0.000  -298.244113   -10.832904    -0.000000 -0.7067791056 -0.0215243099 +0.0215243099 +0.7067791056 +0.00000 +0.00161 +0.00000     991.283  1.00814 -1.5359345 +0.11742  +10861.40    -0.005351  +236.937633
   118.1 +6388962.166    +9227.671       -0.000  -299.172916   -10.939695    -0.000000 -0.7067808139 -0.0214681409 +0.0214681409 +0.7067808139 +0.00000 +0.00160 +0.00000     991.283  1.01128 -1.5356905 +0.11632  +10831.83    -0.005302  +241.132225
   118.2 +6388932.503    +9226.583       -0.000  -300.101617   -11.045322    -0.000000 -0.7067825161 -0.0214120263 +0.0214120263 +0.7067825161 +0.00000 +0.00160 +0.00000     991.283  1.01443 -1.5354518 +0.11592  +10802.17    -0.005252  +245.349280
   118.3 +6388901.845    +9225.450       -0.000  -301.057858   -11.154196    -0.000000 -0.7067842635 -0.0213542694 +0.0213542694 +0.7067842635 +0.00000 +0.00160 +0.00000     991.283  1.01617 -1.5352072 +0.11557  +10771.51    -0.005136  +249.973522
   118.4 +6388871.996    +9224.341       -0.000  -301.985822   -11.258779    -0.000000 -0.7067859533 -0.0212982673 +0.0212982673 +0.7067859533 +0.00000 +0.00160 +0.00000     991.283  1.01931 -1.5349749 +0.11454  +10741.66    -0.005088  +254.273256
   118.5 +6388842.055    +9223.222       -0.000  -302.913677   -11.362176    -0.000000 -0.7067876369 -0.0212423245 +0.0212423245 +0.7067876369 +0.00000 +0.00160 +0.00000     991.283  1.02244 -1.5347479 +0.11390  +10711.71    -0.005039  +258.595942
   118.6 +6388811.110    +9222.057       -0.000  -303.869195   -11.468307    -0.000000 -0.7067893649 -0.0211847510 +0.0211847510 +0.7067893649 +0.00000 +0.00160 +0.00000     991.283  1.02417 -1.5345168 +0.11353  +10680.77    -0.004926  +263.416372
   118.7 +6388780.983    +9220.917       -0.000  -304.796293   -11.570595    -0.000000 -0.7067910358 -0.0211289324 +0.0211289324 +0.7067910358 +0.00000 +0.00159 +0.00000     991.283  1.02730 -1.5342961 +0.11270  +10650.64    -0.004878  +267.823381
   118.8 +6388750.763    +9219.767       -0.000  -305.723278   -11.671679    -0.000000 -0.7067927003 -0.0210731776 +0.0210731776 +0.7067927003 +0.00000 +0.00159 +0.00000     991.283  1.03043 -1.5340807 +0.11184  +10620.42    -0.004830  +272.253838
   118.9 +6388719.532    +9218.571       -0.000  -306.678053   -11.774998    -0.000000 -0.7067944086 -0.0210158035 +0.0210158035 +0.7067944086 +0.00000 +0.00159 +0.00000     991.283  1.03214 -1.5338628 +0.11146  +10589.18    -0.004720  +277.275195
   119.0 +6388689.127    +9217.401       -0.000  -307.604260   -11.874910    -0.000000 -0.7067960602 -0.0209601842 +0.0209601842 +0.7067960602 +0.00000 +0.00159 +0.00000     991.283  1.03526 -1.5336538 +0.11084  +10558.78    -0.004673  +281.791635
   119.1 +6388658.630    +9216.220       -0.000  -308.530349   -11.973600    -0.000000 -0.7067977054 -0.0209046332 +0.0209046332 +0.7067977054 +0.00000 +0.00159 +0.00000     991.283  1.03838 -1.5334499 +0.10979  +10528.28    -0.004626  +286.332024
   119.2 +6388627.112    +9214.994       -0.000  -309.484326   -12.074123    -0.000000 -0.7067993936 -0.0208474740 +0.0208474740 +0.7067993936 +0.00000 +0.00158 +0.00000     991.283  1.04008 -1.5332448 +0.10940  +10496.76    -0.004519  +291.558960
   119.3 +6388596.429    +9213.794       -0.000  -310.409616   -12.171580    -0.000000 -0.7068010257 -0.0207920690 +0.0207920690 +0.7068010257 +0.00000 +0.00158 +0.00000     991.283  1.04320 -1.5330473 +0.10894  +10466.07    -0.004473  +296.187007
   119.4 +6388565.654    +9212.584       -0.000  -311.334782   -12.267801    -0.000000 -0.7068026512 -0.0207367366 +0.0207367366 +0.7068026512 +0.00000 +0.00158 +0.00000     991.283  1.04631 -1.5328549 +0.10784  +10435.30    -0.004427  +300.839509
   119.5 +6388533.851    +9211.328       -0.000  -312.287852   -12.365653    -0.000000 -0.7068043192 -0.0206798071 +0.0206798071 +0.7068043192 +0.00000 +0.00158 +0.00000     991.283  1.04951 -1.5326619 +0.10735  +10403.49    -0.004377  +305.658699
   119.6 +6388502.890    +9210.099       -0.000  -313.212266   -12.460437    -0.000000 -0.7068059314 -0.0206246306 +0.0206246306 +0.7068059314 +0.00000 +0.00158 +0.00000     991.283  1.05110 -1.5324762 +0.10694  +10372.53    -0.004278  +311.018647
   119.7 +6388471.837    +9208.861       -0.000  -314.136481   -12.554119    -0.000000 -0.7068075370 -0.0205695309 +0.0205695309 +0.7068075370 +0.00000 +0.00157 +0.00000     991.283  1.05420 -1.5322952 +0.10592  +10341.47    -0.004233  +315.785462
   119.8 +6388439.748    +9207.576       -0.000  -315.088566   -12.649342    -0.000000 -0.7068091844 -0.0205128454 +0.0205128454 +0.7068091844 +0.00000 +0.00157 +0.00000     991.283  1.05740 -1.5321138 +0.10531  +10309.38    -0.004184  +320.722965
   119.9 +6388408.510    +9206.319       -0.000  -316.012113   -12.741323    -0.000000 -0.7068107766 -0.0204579106 +0.0204579106 +0.7068107766 +0.00000 +0.00157 +0.00000     991.283  1.05897 -1.5319402 +0.10490  +10278.14    -0.004088  +326.295797
   120.0 +6388377.181    +9205.054       -0.000  -316.935349   -12.832401    -0.000000 -0.7068123621 -0.0204030570 +0.0204030570 +0.7068123621 +0.00000 +0.00157 +0.00000     991.283  1.06206 -1.5317703 +0.10401  +10246.81    -0.004044  +331.179145
   120.1 +6388344.806    +9203.740       -0.000  -317.886420   -12.924932    -0.000000 -0.7068139887 -0.0203466291 +0.0203466291 +0.7068139887 +0.00000 +0.00156 +0.00000     991.283  1.06525 -1.5316005 +0.10328  +10214.44    -0.003996  +336.237253
   120.2 +6388313.291    +9202.456       -0.000  -318.809074   -13.014061    -0.000000 -0.7068155607 -0.0202919489 +0.0202919489 +0.7068155607 +0.00000 +0.00156 +0.00000     991.283  1.06681 -1.5314386 +0.10286  +10182.92    -0.003904  +342.027873
   120.3 +6388281.685    +9201.164       -0.000  -319.731302   -13.102477    -0.000000 -0.7068171259 -0.0202373542 +0.0202373542 +0.7068171259 +0.00000 +0.00156 +0.00000     991.283  1.06990 -1.5312799 +0.10211  +10151.31    -0.003860  +347.029993
   120.4 +6388249.025    +9199.823       -0.000  -320.681326   -13.192257    -0.000000 -0.7068187316 -0.0201811970 +0.0201811970 +0.7068187316 +0.00000 +0.00156 +0.00000     991.283  1.07308 -1.5311214 +0.10131  +10118.65    -0.003813  +352.211017
   120.5 +6388217.233    +9198.513       -0.000  -321.603026   -13.278559    -0.000000 -0.7068202831 -0.0201267835 +0.0201267835 +0.7068202831 +0.00000 +0.00155 +0.00000     991.283  1.07462 -1.5309710 +0.10089  +10086.86    -0.003724  +358.224208
   120.6 +6388185.350    +9197.194       -0.000  -322.524216   -13.364260    -0.000000 -0.7068218279 -0.0200724596 +0.0200724596 +0.7068218279 +0.00000 +0.00155 +0.00000     991.283  1.07769 -1.5308233 +0.10022  +10054.97    -0.003682  +363.347355
   120.7 +6388152.406    +9195.826       -0.000  -323.473164   -13.451237    -0.000000 -0.7068234124 -0.0200165852 +0.0200165852 +0.7068234124 +0.00000 +0.00155 +0.00000     991.283  1.08087 -1.5306760 +0.09938  +10022.02    -0.003636  +368.653625
   120.8 +6388120.338    +9194.491       -0.000  -324.393863   -13.534704    -0.000000 -0.7068249434 -0.0199624499 +0.0199624499 +0.7068249434 +0.00000 +0.00155 +0.00000     991.283  1.08239 -1.5305368 +0.09897   +9989.95    -0.003550  +374.894296
   120.9 +6388088.179    +9193.147       -0.000  -325.313982   -13.617642    -0.000000 -0.7068264676 -0.0199084080 +0.0199084080 +0.7068264676 +0.00000 +0.00154 +0.00000     991.283  1.08546 -1.5303999 +0.09837   +9957.79    -0.003509  +380.140744
   121.0 +6388054.950    +9191.754       -0.000  -326.261821   -13.701769    -0.000000 -0.7068280309 -0.0198528277 +0.0198528277 +0.7068280309 +0.00000 +0.00154 +0.00000     991.283  1.08863 -1.5302636 +0.09748   +9924.56    -0.003464  +385.574606
   121.1 +6388022.606    +9190.393       -0.000  -327.181490   -13.782365    -0.000000 -0.7068295412 -0.0197989814 +0.0197989814 +0.7068295412 +0.00000 +0.00154 +0.00000     991.283  1.09013 -1.5301354 +0.09709   +9892.22    -0.003381  +392.047813
   121.2 +6387990.171    +9189.025       -0.000  -328.100508   -13.862499    -0.000000 -0.7068310447 -0.0197452322 +0.0197452322 +0.7068310447 +0.00000 +0.00153 +0.00000     991.283  1.09320 -1.5300092 +0.09656   +9859.78    -0.003341  +397.419851
   121.3 +6387956.658    +9187.607       -0.000  -329.047205   -13.943737    -0.000000 -0.7068325867 -0.0196899568 +0.0196899568 +0.7068325867 +0.00000 +0.00153 +0.00000     991.283  1.09635 -1.5298838 +0.09568   +9826.26    -0.003297  +402.983669
   121.4 +6387924.038    +9186.223       -0.000  -329.965775   -14.021491    -0.000000 -0.7068340763 -0.0196364096 +0.0196364096 +0.7068340763 +0.00000 +0.00153 +0.00000     991.283  1.09785 -1.5297662 +0.09530   +9793.64    -0.003217  +409.694311
   121.5 +6387891.327    +9184.831       -0.000  -330.883659   -14.098786    -0.000000 -0.7068355591 -0.0195829628 +0.0195829628 +0.7068355591 +0.00000 +0.00153 +0.00000     991.283  1.10090 -1.5296504 +0.09481   +9760.93    -0.003178  +415.194244
   121.6 +6387857.530    +9183.389       -0.000  -331.829180   -14.177101    -0.000000 -0.7068370796 -0.0195280022 +0.0195280022 +0.7068370796 +0.00000 +0.00152 +0.00000     991.283  1.10405 -1.5295358 +0.09394   +9727.13    -0.003136  +420.890396
   121.7 +6387824.635    +9181.982       -0.000  -332.746619   -14.251986    -0.000000 -0.7068385485 -0.0194747635 +0.0194747635 +0.7068385485 +0.00000 +0.00152 +0.00000     991.283  1.10552 -1.5294286 +0.09358   +9694.23    -0.003059  +427.843619
   121.8 +6387791.649    +9180.567       -0.000  -333.663335   -14.326413    -0.000000 -0.7068400104 -0.0194216283 +0.0194216283 +0.7068400104 +0.00000 +0.00152 +0.00000     991.283  1.10857 -1.5293232 +0.09313   +9661.25    -0.003021  +433.473766
   121.9 +6387757.569    +9179.102       -0.000  -334.607645   -14.401777    -0.000000 -0.7068415096 -0.0193669918 +0.0193669918 +0.7068415096 +0.00000 +0.00151 +0.00000     991.283  1.11171 -1.5292191 +0.09229   +9627.16    -0.002979  +439.304648
   122.0 +6387724.399    +9177.673       -0.000  -335.523900   -14.473798    -0.000000 -0.7068429576 -0.0193140704 +0.0193140704 +0.7068429576 +0.00000 +0.00151 +0.00000     991.283  1.11317 -1.5291219 +0.09195   +9593.99    -0.002906  +446.505533
   122.1 +6387691.138    +9176.237       -0.000  -336.439413   -14.545335    -0.000000 -0.7068443988 -0.0192612552 +0.0192612552 +0.7068443988 +0.00000 +0.00151 +0.00000     991.283  1.11621 -1.5290266 +0.09153   +9560.73    -0.002869  +452.268227
   122.2 +6387656.774    +9174.749       -0.000  -337.382477   -14.617729    -0.000000 -0.7068458764 -0.0192069512 +0.0192069512 +0.7068458764 +0.00000 +0.00150 +0.00000     991.283  1.11933 -1.5289329 +0.09075   +9526.36    -0.002828  +458.236247
   122.3 +6387623.330    +9173.299       -0.000  -338.297493   -14.686893    -0.000000 -0.7068473037 -0.0191543552 +0.0191543552 +0.7068473037 +0.00000 +0.00150 +0.00000     991.283  1.12078 -1.5288455 +0.09044   +9492.92    -0.002758  +465.689910
   122.4 +6387589.794    +9171.842       -0.000  -339.211769   -14.755524    -0.000000 -0.7068487240 -0.0191018677 +0.0191018677 +0.7068487240 +0.00000 +0.00150 +0.00000     991.283  1.12381 -1.5287602 +0.09004   +9459.38    -0.002722  +471.587498
   122.5 +6387555.148    +9170.333       -0.000  -340.153550   -14.824932    -0.000000 -0.7068501803 -0.0190479040 +0.0190479040 +0.7068501803 +0.00000 +0.00150 +0.00000     991.283  1.12693 -1.5286765 +0.08933   +9424.73    -0.002683  +477.695077
   122.6 +6387521.429    +9168.862       -0.000  -341.067270   -14.891252    -0.000000 -0.7068515867 -0.0189956405 +0.0189956405 +0.7068515867 +0.00000 +0.00149 +0.00000     991.283  1.12836 -1.5285987 +0.08906   +9391.01    -0.002615  +485.406665
   122.7 +6387487.619    +9167.385       -0.000  -341.980272   -14.956967    -0.000000 -0.7068529863 -0.0189434877 +0.0189434877 +0.7068529863 +0.00000 +0.00149 +0.00000     991.283  1.13138 -1.5285230 +0.08866   +9357.20    -0.002580  +491.441505
   122.8 +6387452.691    +9165.856       -0.000  -342.920734   -15.023382    -0.000000 -0.7068544212 -0.0188898712 +0.0188898712 +0.7068544212 +0.00000 +0.00149 +0.00000     991.283  1.13449 -1.5284492 +0.08804   +9322.27    -0.002542  +497.691075
   122.9 +6387418.698    +9164.366       -0.000  -343.833098   -15.086872    -0.000000 -0.7068558069 -0.0188379468 +0.0188379468 +0.7068558069 +0.00000 +0.00148 +0.00000     991.283  1.13591 -1.5283807 +0.08781   +9288.27    -0.002477  +505.665764
   123.0 +6387384.615    +9162.869       -0.000  -344.744791   -15.149666    -0.000000 -0.7068571858 -0.0187861349 +0.0187861349 +0.7068571858 +0.00000 +0.00148 +0.00000     991.283  1.13892 -1.5283145 +0.08740   +9254.19    -0.002444  +511.840224
   123.1 +6387349.404    +9161.321       -0.000  -345.683895   -15.213086    -0.000000 -0.7068585994 -0.0187328718 +0.0187328718 +0.7068585994 +0.00000 +0.00148 +0.00000     991.283  1.14202 -1.5282503 +0.08688   +9218.97    -0.002407  +518.234231
   123.2 +6387315.138    +9159.812       -0.000  -346.594864   -15.273739    -0.000000 -0.7068599644 -0.0186812923 +0.0186812923 +0.7068599644 +0.00000 +0.00147 +0.00000     991.283  1.14342 -1.5281909 +0.08669   +9184.71    -0.002345  +526.477363
   123.3 +6387280.781    +9158.297       -0.000  -347.505209   -15.333617    -0.000000 -0.7068613227 -0.0186298269 +0.0186298269 +0.7068613227 +0.00000 +0.00147 +0.00000     991.283  1.14642 -1.5281339 +0.08628   +9150.35    -0.002312  +532.793822
   123.4 +6387245.289    +9156.730       -0.000  -348.442917   -15.394046    -0.000000 -0.7068627151 -0.0185769227 +0.0185769227 +0.7068627151 +0.00000 +0.00147 +0.00000     991.283  1.14951 -1.5280791 +0.08588   +9114.85    -0.002276  +539.334718
   123.5 +6387210.750    +9155.203       -0.000  -349.352428   -15.451885    -0.000000 -0.7068640596 -0.0185256931 +0.0185256931 +0.7068640596 +0.00000 +0.00146 +0.00000     991.283  1.15090 -1.5280284 +0.08573   +9080.31    -0.002217  +547.851530
   123.6 +6387176.120    +9153.670       -0.000  -350.261388   -15.508853    -0.000000 -0.7068653973 -0.0184745792 +0.0184745792 +0.7068653973 +0.00000 +0.00146 +0.00000     991.283  1.15389 -1.5279804 +0.08531   +9045.68    -0.002185  +554.312375
   123.7 +6387140.347    +9152.086       -0.000  -351.197661   -15.566304    -0.000000 -0.7068667686 -0.0184220387 +0.0184220387 +0.7068667686 +0.00000 +0.00146 +0.00000     991.283  1.15697 -1.5279347 +0.08504   +9009.90    -0.002151  +561.002625
   123.8 +6387105.535    +9150.542       -0.000  -352.105650   -15.621353    -0.000000 -0.7068680926 -0.0183711633 +0.0183711633 +0.7068680926 +0.00000 +0.00145 +0.00000     991.283  1.15834 -1.5278925 +0.08494   +8975.09    -0.002094  +569.798373
   123.9 +6387070.633    +9148.993       -0.000  -353.013186   -15.675427    -0.000000 -0.7068694100 -0.0183204049 +0.0183204049 +0.7068694100 +0.00000 +0.00145 +0.00000     991.283  1.16132 -1.5278533 +0.08450   +8940.19    -0.002063  +576.405998
   124.0 +6387034.579    +9147.391       -0.000  -353.947983   -15.729915    -0.000000 -0.7068707603 -0.0182682321 +0.0182682321 +0.7068707603 +0.00000 +0.00145 +0.00000     991.283  1.16439 -1.5278164 +0.08437   +8904.13    -0.002030  +583.248070
   124.1 +6386999.495    +9145.831       -0.000  -354.854383   -15.782201    -0.000000 -0.7068720640 -0.0182177145 +0.0182177145 +0.7068720640 +0.00000 +0.00144 +0.00000     991.283  1.16575 -1.5277824 +0.08434   +8869.04    -0.001976  +592.328026
   124.2 +6386964.321    +9144.266       -0.000  -355.760456   -15.833401    -0.000000 -0.7068733611 -0.0181673149 +0.0181673149 +0.7068733611 +0.00000 +0.00144 +0.00000     991.283  1.16872 -1.5277516 +0.08389   +8833.87    -0.001947  +599.084830
   124.3 +6386927.987    +9142.649       -0.000  -356.693689   -15.884988    -0.000000 -0.7068746906 -0.0181155131 +0.0181155131 +0.7068746906 +0.00000 +0.00144 +0.00000     991.283  1.17016 -1.5277232 +0.08388   +8797.53    -0.001892  +608.576140
   124.4 +6386892.631    +9141.074       -0.000  -357.598502   -15.934485    -0.000000 -0.7068759742 -0.0180653560 +0.0180653560 +0.7068759742 +0.00000 +0.00143 +0.00000     991.283  1.17312 -1.5276973 +0.08387   +8762.17    -0.001863  +615.450816
   124.5 +6386857.185    +9139.494       -0.000  -358.503071   -15.982837    -0.000000 -0.7068772512 -0.0180153180 +0.0180153180 +0.7068772512 +0.00000 +0.00143 +0.00000     991.283  1.17609 -1.5276747 +0.08353   +8726.72    -0.001834  +622.359206
   124.6 +6386820.572    +9137.861       -0.000  -359.434579   -16.031636    -0.000000 -0.7068785601 -0.0179638897 +0.0179638897 +0.7068785601 +0.00000 +0.00142 +0.00000     991.283  1.17751 -1.5276542 +0.08358   +8690.11    -0.001782  +632.148843
   124.7 +6386784.945    +9136.272       -0.000  -360.337855   -16.078292    -0.000000 -0.7068798237 -0.0179140953 +0.0179140953 +0.7068798237 +0.00000 +0.00142 +0.00000     991.283  1.18046 -1.5276364 +0.08352   +8654.48    -0.001754  +639.176938
   124.8 +6386749.228    +9134.678       -0.000  -361.240880   -16.123827    -0.000000 -0.7068810809 -0.0178644210 +0.0178644210 +0.7068810809 +0.00000 +0.00142 +0.00000     991.283  1.18341 -1.5276216 +0.08335   +8618.76    -0.001727  +646.239320
   124.9 +6386712.335    +9133.031       -0.000  -362.170612   -16.169858    -0.000000 -0.7068823692 -0.0178133677 +0.0178133677 +0.7068823692 +0.00000 +0.00141 +0.00000     991.283  1.18482 -1.5276089 +0.08346   +8581.87    -0.001677  +656.332858
   125.0 +6386676.437    +9131.428       -0.000  -363.072311   -16.213709    -0.000000 -0.7068836131 -0.0177639378 +0.0177639378 +0.7068836131 +0.00000 +0.00141 +0.00000     991.283  1.18776 -1.5275988 +0.08336   +8545.96    -0.001650  +663.516779
   125.1 +6386640.450    +9129.821       -0.000  -363.973750   -16.256463    -0.000000 -0.7068848506 -0.0177146283 +0.0177146283 +0.7068848506 +0.00000 +0.00141 +0.00000     991.283  1.19071 -1.5275917 +0.08337   +8509.98    -0.001624  +670.735565
   125.2 +6386603.278    +9128.161       -0.000  -364.901633   -16.299768    -0.000000 -0.7068861187 -0.0176639512 +0.0176639512 +0.7068861187 +0.00000 +0.00140 +0.00000     991.283  1.19210 -1.5275863 +0.08354   +8472.80    -0.001576  +681.138408
   125.3 +6386567.110    +9126.545       -0.000  -365.801712   -16.340853    -0.000000 -0.7068873431 -0.0176148865 +0.0176148865 +0.7068873431 +0.00000 +0.00140 +0.00000     991.283  1.19503 -1.5275837 +0.08339   +8436.63    -0.001551  +688.480565
   125.4 +6386530.852    +9124.925       -0.000  -366.701524   -16.380867    -0.000000 -0.7068885610 -0.0175659426 +0.0175659426 +0.7068885610 +0.00000 +0.00140 +0.00000     991.283  1.19796 -1.5275839 +0.08360   +8400.37    -0.001525  +695.858163
   125.5 +6386493.403    +9123.252       -0.000  -367.627479   -16.421488    -0.000000 -0.7068898092 -0.0175156418 +0.0175156418 +0.7068898092 +0.00000 +0.00139 +0.00000     991.283  1.19934 -1.5275857 +0.08383   +8362.92    -0.001480  +706.575714
   125.6 +6386456.965    +9121.625       -0.000  -368.525898   -16.459852    -0.000000 -0.7068910142 -0.0174669424 +0.0174669424 +0.7068910142 +0.00000 +0.00139 +0.00000     991.283  1.20226 -1.5275902 +0.08374   +8326.48    -0.001455  +714.078512
   125.7 +6386420.437    +9119.994       -0.000  -369.423806   -16.497302    -0.000000 -0.7068922129 -0.0174183640 +0.0174183640 +0.7068922129 +0.00000 +0.00139 +0.00000     991.283  1.20354 -1.5275972 +0.08403   +8289.95    -0.001414  +724.794965
   125.8 +6386382.711    +9118.309       -0.000  -370.347989   -16.535155    -0.000000 -0.7068934413 -0.0173684391 +0.0173684391 +0.7068934413 +0.00000 +0.00138 +0.00000     991.283  1.20654 -1.5276061 +0.08419   +8252.22    -0.001388  +732.654982
   125.9 +6386346.003    +9116.670       -0.000  -371.244702   -16.570846    -0.000000 -0.7068946272 -0.0173201045 +0.0173201045 +0.7068946272 +0.00000 +0.00138 +0.00000     991.283  1.20946 -1.5276175 +0.08430   +8215.51    -0.001364  +740.320826
   126.0 +6386309.207    +9115.028       -0.000  -372.140628   -16.605779    -0.000000 -0.7068958069 -0.0172718905 +0.0172718905 +0.7068958069 +0.00000 +0.00138 +0.00000     991.283  1.21071 -1.5276309 +0.08465   +8178.71    -0.001325  +751.356753
   126.1 +6386271.203    +9113.332       -0.000  -373.063018   -16.640901    -0.000000 -0.7068970158 -0.0172223405 +0.0172223405 +0.7068970158 +0.00000 +0.00137 +0.00000     991.283  1.21371 -1.5276468 +0.08472   +8140.71    -0.001300  +759.386622
   126.2 +6386234.227    +9111.683       -0.000  -373.957984   -16.673972    -0.000000 -0.7068981829 -0.0171743696 +0.0171743696 +0.7068981829 +0.00000 +0.00137 +0.00000     991.283  1.21661 -1.5276648 +0.08504   +8103.73    -0.001278  +767.217912
   126.3 +6386197.162    +9110.031       -0.000  -374.851872   -16.706421    -0.000000 -0.7068993439 -0.0171265185 +0.0171265185 +0.7068993439 +0.00000 +0.00137 +0.00000     991.283  1.21786 -1.5276843 +0.08545   +8066.66    -0.001241  +778.578862
   126.4 +6386158.881    +9108.325       -0.000  -375.772426   -16.738871    -0.000000 -0.7069005336 -0.0170773418 +0.0170773418 +0.7069005336 +0.00000 +0.00136 +0.00000     991.283  1.22084 -1.5277068 +0.08554   +8028.38    -0.001217  +786.781050
   126.5 +6386121.637    +9106.667       -0.000  -376.665406   -16.769462    -0.000000 -0.7069016821 -0.0170297328 +0.0170297328 +0.7069016821 +0.00000 +0.00136 +0.00000     991.283  1.22207 -1.5277309 +0.08599   +7991.13    -0.001181  +798.379502
   126.6 +6386084.304    +9105.005       -0.000  -377.557368   -16.799397    -0.000000 -0.7069028246 -0.0169822424 +0.0169822424 +0.7069028246 +0.00000 +0.00136 +0.00000     991.283  1.22496 -1.5277565 +0.08635   +7953.80    -0.001160  +806.471468
   126.7 +6386045.748    +9103.290       -0.000  -378.476038   -16.829234    -0.000000 -0.7069039954 -0.0169334368 +0.0169334368 +0.7069039954 +0.00000 +0.00135 +0.00000     991.283  1.22793 -1.5277853 +0.08661   +7915.24    -0.001137  +814.848432
   126.8 +6386008.236    +9101.623       -0.000  -379.366841   -16.857449    -0.000000 -0.7069051257 -0.0168861871 +0.0168861871 +0.7069051257 +0.00000 +0.00135 +0.00000     991.283  1.22915 -1.5278150 +0.08713   +7877.72    -0.001103  +826.781313
   126.9 +6385970.636    +9099.953       -0.000  -380.256938   -16.884878    -0.000000 -0.7069062500 -0.0168390549 +0.0168390549 +0.7069062500 +0.00000 +0.00135 +0.00000     991.283  1.23202 -1.5278466 +0.08736   +7840.12    -0.001083  +835.044701
   127.0 +6385931.804    +9098.229       -0.000  -381.173678   -16.912167    -0.000000 -0.7069074021 -0.0167906175 +0.0167906175 +0.7069074021 +0.00000 +0.00134 +0.00000     991.283  1.23499 -1.5278815 +0.08786   +7801.29    -0.001061  +843.598886
   127.1 +6385894.026    +9096.553       -0.000  -382.062245   -16.938048    -0.000000 -0.7069085144 -0.0167437238 +0.0167437238 +0.7069085144 +0.00000 +0.00134 +0.00000     991.283  1.23619 -1.5279166 +0.08844   +7763.50    -0.001029  +855.871727
   127.2 +6385856.159    +9094.875       -0.000  -382.950433   -16.963035    -0.000000 -0.7069096208 -0.0166969466 +0.0166969466 +0.7069096208 +0.00000 +0.00134 +0.00000     991.283  1.23905 -1.5279538 +0.08870   +7725.64    -0.001010  +864.308901
   127.3 +6385817.053    +9093.144       -0.000  -383.864876   -16.987950    -0.000000 -0.7069107546 -0.0166488739 +0.0166488739 +0.7069107546 +0.00000 +0.00133 +0.00000     991.283  1.24033 -1.5279941 +0.08930   +7686.53    -0.000978  +877.087107
   127.4 +6385779.007    +9091.461       -0.000  -384.751439   -17.011444    -0.000000 -0.7069118492 -0.0166023326 +0.0166023326 +0.7069118492 +0.00000 +0.00133 +0.00000     991.283  1.24319 -1.5280347 +0.08975   +7648.48    -0.000959  +885.660795
   127.5 +6385740.874    +9089.776       -0.000  -385.637671   -17.034058    -0.000000 -0.7069129380 -0.0165559066 +0.0165559066 +0.7069129380 +0.00000 +0.00133 +0.00000     991.283  1.24604 -1.5280773 +0.09026   +7610.34    -0.000940  +894.274103
   127.6 +6385701.494    +9088.037       -0.000  -386.549667   -17.056676    -0.000000 -0.7069140538 -0.0165081943 +0.0165081943 +0.7069140538 +0.00000 +0.00132 +0.00000     991.283  1.24731 -1.5281227 +0.09091   +7570.96    -0.000910  +907.406911
   127.7 +6385663.183    +9086.347       -0.000  -387.434237   -17.077832    -0.000000 -0.7069151311 -0.0164620012 +0.0164620012 +0.7069151311 +0.00000 +0.00132 +0.00000     991.283  1.25015 -1.5281685 +0.09126   +7532.65    -0.000892  +916.158492
   127.8 +6385624.785    +9084.656       -0.000  -388.318346   -17.098173    -0.000000 -0.7069162026 -0.0164159222 +0.0164159222 +0.7069162026 +0.00000 +0.00132 +0.00000     991.283  1.25132 -1.5282161 +0.09196   +7494.25    -0.000865  +929.283547
   127.9 +6385585.131    +9082.911       -0.000  -389.227982   -17.118503    -0.000000 -0.7069173007 -0.0163685655 +0.0163685655 +0.7069173007 +0.00000 +0.00131 +0.00000     991.283  1.25424 -1.5282664 +0.09260   +7454.59    -0.000846  +938.443520
   128.0 +6385546.556    +9081.215       -0.000  -390.110513   -17.137390    -0.000000 -0.7069183609 -0.0163227160 +0.0163227160 +0.7069183609 +0.00000 +0.00131 +0.00000     991.283  1.25707 -1.5283171 +0.09310   +7416.01    -0.000829  +947.375310
   128.1 +6385507.892    +9079.518       -0.000  -390.992107   -17.155608    -0.000000 -0.7069194155 -0.0162769792 +0.0162769792 +0.7069194155 +0.00000 +0.00131 +0.00000     991.283  1.25822 -1.5283692 +0.09384   +7377.35    -0.000803  +960.859081
   128.2 +6385467.966    +9077.767       -0.000  -391.899602   -17.173640    -0.000000 -0.7069204962 -0.0162299729 +0.0162299729 +0.7069204962 +0.00000 +0.00130 +0.00000     991.283  1.26114 -1.5284244 +0.09430   +7337.42    -0.000785  +970.206495
   128.3 +6385429.126    +9076.066       -0.000  -392.780014   -17.190338    -0.000000 -0.7069215396 -0.0161844621 +0.0161844621 +0.7069215396 +0.00000 +0.00130 +0.00000     991.283  1.26228 -1.5284798 +0.10569   +7298.58    -0.000769  +983.954233
   128.4 +6385390.199    +9074.363       -0.000  -393.638063   -17.205516    -0.000000 -0.7069225776 -0.0161390618 +0.0161390618 +0.7069225776 +0.00000 +0.00130 +0.00000     991.279  1.26502 -1.5285363 +0.15780   +7259.65    -0.000744  +992.979755
   128.5 +6385350.008    +9072.608       -0.000  -394.440884   -17.216647    -0.000000 -0.7069236413 -0.0160924004 +0.0160924004 +0.7069236413 +0.00000 +0.00129 +0.00000     991.263  1.26759 -1.5285966 +0.19853   +7219.45    -0.000728 +1001.435095
   128.6 +6385310.921    +9070.903       -0.000  -395.218190   -17.226740    -0.000000 -0.7069246683 -0.0160472227 +0.0160472227 +0.7069246683 +0.00000 +0.00129 +0.00000     991.246  1.26840 -1.5286566 +0.20049   +7180.36    -0.000705 +1014.462875
   128.7 +6385271.757    +9069.197       -0.000  -395.993554   -17.236146    -0.000000 -0.7069256899 -0.0160021533 +0.0160021533 +0.7069256899 +0.00000 +0.00129 +0.00000     991.230  1.27087 -1.5287178 +0.20207   +7141.20    -0.000690 +1022.763358
   128.8 +6385231.326    +9067.438       -0.000  -396.791207   -17.245031    -0.000000 -0.7069267370 -0.0159558311 +0.0159558311 +0.7069267370 +0.00000 +0.00128 +0.00000     991.213  1.27342 -1.5287825 +0.20401   +7100.76    -0.000674 +1031.340024
   128.9 +6385192.007    +9065.731       -0.000  -397.562699   -17.253046    -0.000000 -0.7069277533 -0.0159107410 +0.0159107410 +0.7069277533 +0.00000 +0.00130 +0.00000     991.196  1.27420 -1.5288463 +0.20602   +7061.44    +0.001453 +1044.643421
   129.0 +6385152.611    +9064.022       -0.000  -398.332975   -17.260295    -0.000000 -0.7069287797 -0.0158650690 +0.0158650690 +0.7069287797 +0.00000 +0.00132 +0.00000     991.180  1.27666 -1.5289116 +0.20762   +7022.04    +0.002082 +1053.061033
   129.1 +6385111.942    +9062.261       -0.000  -399.124639   -17.267013    -0.000000 -0.7069298539 -0.0158171309 +0.0158171309 +0.7069298539 +0.00000 +0.00135 +0.00000     991.162  1.27750 -1.5289804 +0.20962   +6981.37    +0.004649 +1066.826871
   129.2 +6385072.392    +9060.552       -0.000  -399.890928   -17.272781    -0.000000 -0.7069309281 -0.0157690503 +0.0157690503 +0.7069309281 +0.00000 +0.00140 +0.00000     991.145  1.27994 -1.5290484 +0.21130   +6941.82    +0.005150 +1075.337527
   129.3 +6385032.766    +9058.841       -0.000  -400.656036   -17.277676    -0.000000 -0.7069320395 -0.0157191454 +0.0157191454 +0.7069320395 +0.00000 +0.00145 +0.00000     991.128  1.28238 -1.5291183 +0.21333   +6902.19    +0.005630 +1083.871319
   129.4 +6384991.860    +9057.079       -0.000  -401.441507   -17.281867    -0.000000 -0.7069332334 -0.0156653583 +0.0156653583 +0.7069332334 +0.00000 +0.00153 +0.00000     991.111  1.28319 -1.5291919 +0.21537   +6861.28    +0.007959 +1097.916845
   129.5 +6384952.081    +9055.368       -0.000  -402.202574   -17.284902    -0.000000 -0.7069344513 -0.0156103023 +0.0156103023 +0.7069344513 +0.00000 +0.00162 +0.00000     991.093  1.28561 -1.5292654 +0.21704   +6821.50    +0.008326 +1106.542905
   129.6 +6384912.226    +9053.657       -0.000  -402.961697   -17.286872    -0.000000 -0.7069357309 -0.0155522463 +0.0155522463 +0.7069357309 +0.00000 +0.00171 +0.00000     991.076  1.28633 -1.5293410 +0.21914   +6781.65    +0.010562 +1120.535534
   129.7 +6384871.085    +9051.893       -0.000  -403.741642   -17.287677    -0.000000 -0.7069371276 -0.0154886286 +0.0154886286 +0.7069371276 +0.00000 +0.00182 +0.00000     991.058  1.28881 -1.5294215 +0.22084   +6740.50    +0.010798 +1129.517050
   129.8 +6384831.079    +9050.182       -0.000  -404.497440   -17.287092    -0.000000 -0.7069385631 -0.0154229708 +0.0154229708 +0.7069385631 +0.00000 +0.00193 +0.00000     991.040  1.29121 -1.5295026 +0.22294   +6700.49    +0.011050 +1138.257377
   129.9 +6384790.997    +9048.470       -0.000  -405.250400   -17.285093    -0.000000 -0.7069400847 -0.0153530652 +0.0153530652 +0.7069400847 +0.00000 +0.00207 +0.00000     991.022  1.29191 -1.5295865 +0.22509   +6660.41    +0.013105 +1152.526701
   130.0 +6384749.623    +9046.707       -0.000  -406.024879   -17.281330    -0.000000 -0.7069417520 -0.0152761012 +0.0152761012 +0.7069417520 +0.00000 +0.00221 +0.00000     991.004  1.29437 -1.5296767 +0.22683   +6619.03    +0.013227 +1161.624978
   130.1 +6384709.391    +9044.997       -0.000  -406.774481   -17.275880    -0.000000 -0.7069434684 -0.0151964609 +0.0151964609 +0.7069434684 +0.00000 +0.00235 +0.00000     990.986  1.29505 -1.5297681 +0.22903   +6578.80    +0.015197 +1176.103113
   130.2 +6384669.084    +9043.287       -0.000  -407.522054   -17.268483    -0.000000 -0.7069452926 -0.0151113621 +0.0151113621 +0.7069452926 +0.00000 +0.00251 +0.00000     990.968  1.29742 -1.5298637 +0.23084   +6538.49    +0.015274 +1185.023379
   130.3 +6384627.479    +9041.526       -0.000  -408.290933   -17.258628    -0.000000 -0.7069472856 -0.0150178347 +0.0150178347 +0.7069472856 +0.00000 +0.00268 +0.00000     990.949  1.29816 -1.5299672 +0.23307   +6496.88    +0.017118 +1199.981690
   130.4 +6384587.023    +9039.818       -0.000  -409.034332   -17.246671    -0.000000 -0.7069493367 -0.0149209717 +0.0149209717 +0.7069493367 +0.00000 +0.00286 +0.00000     990.931  1.30051 -1.5300728 +0.23533   +6456.42    +0.017120 +1208.991032
   130.5 +6384546.493    +9038.111       -0.000  -409.776547   -17.232186    -0.000000 -0.7069515079 -0.0148177433 +0.0148177433 +0.7069515079 +0.00000 +0.00304 +0.00000     990.912  1.30286 -1.5301841 +0.23733   +6415.89    +0.017120 +1218.022093
   130.6 +6384504.658    +9036.354       -0.000  -410.538873   -17.214342    -0.000000 -0.7069538704 -0.0147045945 +0.0147045945 +0.7069538704 +0.00000 +0.00324 +0.00000     990.893  1.30357 -1.5303051 +0.23970   +6374.05    +0.018818 +1233.259019
   130.7 +6384463.979    +9034.651       -0.000  -411.276891   -17.193982    -0.000000 -0.7069562936 -0.0145876293 +0.0145876293 +0.7069562936 +0.00000 +0.00345 +0.00000     990.874  1.30590 -1.5304294 +0.24173   +6333.37    +0.018750 +1242.377885
   130.8 +6384423.227    +9032.950       -0.000  -412.013452   -17.170420    -0.000000 -0.7069588425 -0.0144635765 +0.0144635765 +0.7069588425 +0.00000 +0.00365 +0.00000     990.855  1.30653 -1.5305609 +0.24428   +6292.62    +0.020455 +1257.548870
   130.9 +6384381.164    +9031.200       -0.000  -412.769501   -17.142412    -0.000000 -0.7069616052 -0.0143279014 +0.0143279014 +0.7069616052 +0.00000 +0.00388 +0.00000     990.836  1.30891 -1.5307045 +0.24671   +6250.55    +0.020253 +1267.033118
   131.0 +6384340.265    +9029.504       -0.000  -413.502117   -17.111520    -0.000000 -0.7069644201 -0.0141883290 +0.0141883290 +0.7069644201 +0.00000 +0.00410 +0.00000     990.817  1.31122 -1.5308523 +0.24919   +6209.65    +0.020128 +1276.259636
   131.1 +6384299.293    +9027.812       -0.000  -414.232147   -17.076517    -0.000000 -0.7069673648 -0.0140408386 +0.0140408386 +0.7069673648 +0.00000 +0.00434 +0.00000     990.797  1.31182 -1.5310092 +0.25202   +6168.68    +0.021716 +1291.703723
   131.2 +6384257.004    +9026.072       -0.000  -414.982602   -17.036034    -0.000000 -0.7069705390 -0.0138800940 +0.0138800940 +0.7069705390 +0.00000 +0.00459 +0.00000     990.777  1.31418 -1.5311808 +0.25450   +6126.38    +0.021459 +1301.297258
   131.3 +6384215.886    +9024.388       -0.000  -415.709160   -16.992134    -0.000000 -0.7069737502 -0.0137155600 +0.0137155600 +0.7069737502 +0.00000 +0.00483 +0.00000     990.758  1.31477 -1.5313576 +0.25758   +6085.26    +0.023004 +1316.950496
   131.4 +6384174.696    +9022.708       -0.000  -416.433278   -16.943284    -0.000000 -0.7069770929 -0.0135421591 +0.0135421591 +0.7069770929 +0.00000 +0.00509 +0.00000     990.738  1.31704 -1.5315454 +0.26046   +6044.07    +0.022772 +1326.345415
   131.5 +6384132.183    +9020.982       -0.000  -417.178105   -16.887782    -0.000000 -0.7069806698 -0.0133541217 +0.0133541217 +0.7069806698 +0.00000 +0.00535 +0.00000     990.718  1.31938 -1.5317505 +0.26374   +6001.56    +0.022470 +1336.045799
   131.6 +6384090.848    +9019.313       -0.000  -417.898019   -16.828107    -0.000000 -0.7069842674 -0.0131622852 +0.0131622852 +0.7069842674 +0.00000 +0.00562 +0.00000     990.698  1.31994 -1.5319624 +0.26731   +5960.22    +0.023918 +1351.969419
   131.7 +6384049.441    +9017.650       -0.000  -418.616630   -16.762896    -0.000000 -0.7069879881 -0.0129608918 +0.0129608918 +0.7069879881 +0.00000 +0.00589 +0.00000     990.678  1.32219 -1.5321867 +0.27068   +5918.81    +0.023650 +1361.466053
   131.8 +6384006.706    +9015.944       -0.000  -419.354650   -16.689269    -0.000000 -0.7069919418 -0.0127434021 +0.0127434021 +0.7069919418 +0.00000 +0.00618 +0.00000     990.657  1.32280 -1.5324321 +0.27459   +5876.07    +0.024979 +1377.884215
   131.9 +6383965.156    +9014.295       -0.000  -420.068887   -16.611334    -0.000000 -0.7069958957 -0.0125221226 +0.0125221226 +0.7069958957 +0.00000 +0.00647 +0.00000     990.637  1.32503 -1.5326846 +0.27835   +5834.52    +0.024671 +1387.461035
   132.0 +6383923.534    +9012.655       -0.000  -420.781625   -16.526914    -0.000000 -0.7069999542 -0.0122908453 +0.0122908453 +0.7069999542 +0.00000 +0.00676 +0.00000     990.616  1.32556 -1.5329516 +0.28282   +5792.90    +0.026062 +1403.796171
   132.1 +6383880.579    +9010.974       -0.000  -421.512961   -16.432221    -0.000000 -0.7070042410 -0.0120417278 +0.0120417278 +0.7070042410 +0.00000 +0.00707 +0.00000     990.595  1.32784 -1.5332437 +0.28729   +5749.94    +0.025621 +1413.743643
   132.2 +6383838.815    +9009.352       -0.000  -422.221553   -16.333261    -0.000000 -0.7070084961 -0.0117892544 +0.0117892544 +0.7070084961 +0.00000 +0.00737 +0.00000     990.574  1.33005 -1.5335428 +0.29205   +5708.17    +0.025289 +1423.416629
   132.3 +6383796.981    +9007.740       -0.000  -422.927329   -16.226232    -0.000000 -0.7070128339 -0.0115261802 +0.0115261802 +0.7070128339 +0.00000 +0.00768 +0.00000     990.554  1.33055 -1.5338597 +0.29734   +5666.34    +0.026602 +1440.015234
   132.4 +6383753.806    +9006.090       -0.000  -423.652757   -16.107836    -0.000000 -0.7070173839 -0.0112436182 +0.0112436182 +0.7070173839 +0.00000 +0.00800 +0.00000     990.532  1.33281 -1.5342041 +0.30244   +5623.16    +0.026141 +1450.058925
   132.5 +6383711.831    +9004.502       -0.000  -424.354711   -15.984432    -0.000000 -0.7070218640 -0.0109582775 +0.0109582775 +0.7070218640 +0.00000 +0.00832 +0.00000     990.511  1.33329 -1.5345570 +0.30839   +5581.18    +0.027433 +1466.860774
   132.6 +6383669.786    +9002.925       -0.000  -425.054219   -15.852153    -0.000000 -0.7070264006 -0.0106615655 +0.0106615655 +0.7070264006 +0.00000 +0.00865 +0.00000     990.489  1.33546 -1.5349295 +0.31425   +5539.13    +0.027035 +1476.682090
   132.7 +6383626.395    +9001.316       -0.000  -425.773395   -15.706901    -0.000000 -0.7070311180 -0.0103439991 +0.0103439991 +0.7070311180 +0.00000 +0.00898 +0.00000     990.467  1.33600 -1.5353328 +0.32081   +5495.74    +0.028209 +1493.982980
   132.8 +6383584.210    +8999.768       -0.000  -426.468200   -15.555682    -0.000000 -0.7070357274 -0.0100239818 +0.0100239818 +0.7070357274 +0.00000 +0.00932 +0.00000     990.446  1.33815 -1.5357467 +0.32772   +5453.55    +0.027782 +1503.875058
   132.9 +6383541.957    +8998.235       -0.000  -427.161686   -15.395412    -0.000000 -0.7070403540 -0.0096921591 +0.0096921591 +0.7070403540 +0.00000 +0.00965 +0.00000     990.424  1.34030 -1.5361803 +0.33481   +5411.30    +0.027374 +1513.782058
   133.0 +6383498.351    +8996.674       -0.000  -427.873179   -15.219194    -0.000000 -0.7070451211 -0.0093379260 +0.0093379260 +0.7070451211 +0.00000 +0.01001 +0.00000     990.402  1.34080 -1.5366513 +0.34250   +5367.69    +0.028484 +1531.337888
   133.1 +6383455.958    +8995.176       -0.000  -428.561798   -15.037894    -0.000000 -0.7070497359 -0.0089817120 +0.0089817120 +0.7070497359 +0.00000 +0.01036 +0.00000     990.380  1.34293 -1.5371306 +0.35025   +5325.30    +0.028050 +1541.311829
   133.2 +6383413.498    +8993.696       -0.000  -429.248178   -14.845854    -0.000000 -0.7070543185 -0.0086134107 +0.0086134107 +0.7070543185 +0.00000 +0.01071 +0.00000     990.357  1.34335 -1.5376333 +0.35892   +5282.83    +0.029249 +1558.761819
   133.3 +6383369.680    +8992.192       -0.000  -429.952524   -14.636015    -0.000000 -0.7070589915 -0.0082208648 +0.0082208648 +0.7070589915 +0.00000 +0.01108 +0.00000     990.335  1.34552 -1.5381772 +0.36735   +5239.01    +0.028687 +1569.103570
   133.4 +6383327.082    +8990.753       -0.000  -430.634549   -14.421496    -0.000000 -0.7070634588 -0.0078272221 +0.0078272221 +0.7070634588 +0.00000 +0.01143 +0.00000     990.312  1.34592 -1.5387284 +0.37689   +5196.41    +0.029870 +1586.747636
   133.5 +6383284.416    +8989.336       -0.000  -431.313029   -14.193976    -0.000000 -0.7070678401 -0.0074208963 +0.0074208963 +0.7070678401 +0.00000 +0.01180 +0.00000     990.290  1.34801 -1.5393077 +0.38674   +5153.75    +0.029393 +1596.845521
   133.6 +6383240.388    +8987.901       -0.000  -432.010477   -13.947901    -0.000000 -0.7070722430 -0.0069888027 +0.0069888027 +0.7070722430 +0.00000 +0.01217 +0.00000     990.266  1.35015 -1.5399296 +0.39663   +5109.72    +0.028831 +1607.260860
   133.7 +6383197.586    +8986.532       -0.000  -432.684139   -13.695490    -0.000000 -0.7070763849 -0.0065563799 +0.0065563799 +0.7070763849 +0.00000 +0.01255 +0.00000     990.243  1.35052 -1.5405623 +0.40751   +5066.91    +0.029963 +1625.141094
   133.8 +6383154.718    +8985.189       -0.000  -433.355657   -13.430716    -0.000000 -0.7070803767 -0.0061107294 +0.0061107294 +0.7070803767 +0.00000 +0.01293 +0.00000     990.220  1.35259 -1.5412215 +0.41830   +5024.04    +0.029484 +1635.305359
   133.9 +6383110.482    +8983.833       -0.000  -434.044770   -13.144023    -0.000000 -0.7070843049 -0.0056379008 +0.0056379008 +0.7070843049 +0.00000 +0.01332 +0.00000     990.196  1.35300 -1.5419304 +0.42992   +4979.80    +0.030504 +1653.679094
   134.0 +6383067.479    +8982.545       -0.000  -434.710625   -12.851642    -0.000000 -0.7070879153 -0.0051652893 +0.0051652893 +0.7070879153 +0.00000 +0.01370 +0.00000     990.173  1.35504 -1.5426485 +0.44156   +4936.80    +0.030007 +1663.894711
   134.1 +6383024.411    +8981.288       -0.000  -435.374455   -12.546273    -0.000000 -0.7070912985 -0.0046793022 +0.0046793022 +0.7070912985 +0.00000 +0.01408 +0.00000     990.150  1.35537 -1.5433942 +0.45434   +4893.73    +0.031125 +1682.141165
   134.2 +6382979.969    +8980.024       -0.000  -436.054424   -12.215246    -0.000000 -0.7070945189 -0.0041643207 +0.0041643207 +0.7070945189 +0.00000 +0.01449 +0.00000     990.125  1.35745 -1.5441974 +0.46705   +4849.29    +0.030504 +1692.714648
   134.3 +6382936.768    +8978.831       -0.000  -436.712511   -11.880606    -0.000000 -0.7070973581 -0.0036505379 +0.0036505379 +0.7070973581 +0.00000 +0.01488 +0.00000     990.101  1.35946 -1.5450051 +0.48042   +4806.08    +0.030012 +1702.982969
   134.4 +6382893.502    +8977.671       -0.000  -437.366681   -11.529484    -0.000000 -0.7070998848 -0.0031229967 +0.0031229967 +0.7070998848 +0.00000 +0.01528 +0.00000     990.078  1.35976 -1.5458478 +0.49453   +4762.82    +0.031084 +1721.443217
   134.5 +6382848.858    +8976.514       -0.000  -438.038236   -11.152839    -0.000000 -0.7071021301 -0.0025647421 +0.0025647421 +0.7071021301 +0.00000 +0.01569 +0.00000     990.053  1.36181 -1.5467473 +0.50830   +4718.17    +0.030470 +1732.064345
   134.6 +6382805.461    +8975.428       -0.000  -438.686577   -10.770806    -0.000000 -0.7071039281 -0.0020087667 +0.0020087667 +0.7071039281 +0.00000 +0.01610 +0.00000     990.028  1.36209 -1.5476551 +0.52336   +4674.77    +0.031536 +1750.694774
   134.7 +6382762.000    +8974.381       -0.000  -439.331780   -10.372870    -0.000000 -0.7071053183 -0.0014384477 +0.0014384477 +0.7071053183 +0.00000 +0.01650 +0.00000     990.004  1.36406 -1.5485962 +0.53819   +4631.31    +0.031013 +1761.038854
   134.8 +6382717.155    +8973.343       -0.000  -439.993502    -9.946398    -0.000000 -0.7071062872 -0.0008360341 +0.0008360341 +0.7071062872 +0.00000 +0.01692 +0.00000     989.979  1.36437 -1.5496003 +0.55392   +4586.46    +0.031968 +1780.148346
   134.9 +6382673.565    +8972.379       -0.000  -440.631721    -9.514437    -0.000000 -0.7071067418 -0.0002366049 +0.0002366049 +0.7071067418 +0.00000 +0.01734 +0.00000     989.954  1.36632 -1.5506127 +0.56954   +4542.87    +0.031432 +1790.522336
   135.0 +6382629.912    +8971.459       -0.000  -441.267598    -9.067483    -0.000000 -0.7071066808 +0.0003772837 -0.0003772837 +0.7071066808 +0.00000 +0.01775 +0.00000     989.929  1.36655 -1.5516561 +0.58649   +4499.22    +0.030919 +1800.895486
   135.1 +6382584.871    +8970.558       -0.000  -441.917602    -8.586143    -0.000000 -0.7071060385 +0.0010250408 -0.0010250408 +0.7071060385 +0.00000 +0.01819 +0.00000     989.903  1.36853 -1.5527750 +0.60349   +4454.17    +0.031834 +1820.191399
   135.2 +6382541.091    +8969.731       -0.000  -442.545935    -8.103255    -0.000000 -0.7071048124 +0.0016687525 -0.0016687525 +0.7071048124 +0.00000 +0.01861 +0.00000     989.878  1.37044 -1.5538932 +0.62058   +4410.39    +0.031310 +1830.586435
   135.3 +6382497.248    +8968.952       -0.000  -443.169701    -7.600724    -0.000000 -0.7071029520 +0.0023271659 -0.0023271659 +0.7071029520 +0.00000 +0.01903 +0.00000     989.853  1.37064 -1.5550524 +0.63875   +4366.55    +0.032328 +1849.717428
   135.4 +6382452.014    +8968.203       -0.000  -443.808895    -7.065011    -0.000000 -0.7071003269 +0.0030212832 -0.0030212832 +0.7071003269 +0.00000 +0.01947 +0.00000     989.827  1.37258 -1.5562838 +0.65628   +4321.31    +0.031684 +1860.443626
   135.5 +6382408.047    +8967.530       -0.000  -444.425159    -6.525902    -0.000000 -0.7070970484 +0.0037100576 -0.0037100576 +0.7070970484 +0.00000 +0.01990 +0.00000     989.801  1.37276 -1.5575185 +0.67534   +4277.35    +0.032701 +1879.720131
   135.6 +6382364.019    +8966.910       -0.000  -445.037147    -5.967530    -0.000000 -0.7070930040 +0.0044140860 -0.0044140860 +0.7070930040 +0.00000 +0.02034 +0.00000     989.775  1.37462 -1.5587930 +0.69407   +4233.32    +0.032151 +1890.139974
   135.7 +6382318.594    +8966.331       -0.000  -445.663789    -5.373203    -0.000000 -0.7070879890 +0.0051552148 -0.0051552148 +0.7070879890 +0.00000 +0.02078 +0.00000     989.748  1.37483 -1.5601452 +0.71367   +4187.89    +0.033057 +1909.868344
   135.8 +6382274.445    +8965.827       -0.000  -446.266820    -4.774853    -0.000000 -0.7070822486 +0.0058901800 -0.0058901800 +0.7070822486 +0.00000 +0.02123 +0.00000     989.722  1.37666 -1.5615020 +0.73301   +4143.74    +0.032498 +1920.290239
   135.9 +6382230.236    +8965.384       -0.000  -446.866615    -4.159476    -0.000000 -0.7070756003 +0.0066404854 -0.0066404854 +0.7070756003 +0.00000 +0.02166 +0.00000     989.696  1.37679 -1.5628932 +0.75381   +4099.53    +0.031963 +1930.700757
   136.0 +6382184.625    +8964.992       -0.000  -447.478177    -3.500734    -0.000000 -0.7070677480 +0.0074296937 -0.0074296937 +0.7070677480 +0.00000 +0.02212 +0.00000     989.669  1.37865 -1.5643779 +0.77453   +4053.92    +0.032833 +1950.566075
   136.1 +6382140.296    +8964.677       -0.000  -448.068220    -2.843700    -0.000000 -0.7070591000 +0.0082115538 -0.0082115538 +0.7070591000 +0.00000 +0.02257 +0.00000     989.642  1.38045 -1.5658545 +0.79516   +4009.59    +0.032289 +1960.968610
   136.2 +6382095.909    +8964.428       -0.000  -448.652460    -2.163759    -0.000000 -0.7070493899 +0.0090089311 -0.0090089311 +0.7070493899 +0.00000 +0.02302 +0.00000     989.615  1.38054 -1.5673782 +0.81702   +3965.21    +0.033264 +1980.637331
   136.3 +6382050.117    +8964.243       -0.000  -449.249769    -1.442898    -0.000000 -0.7070382139 +0.0098470692 -0.0098470692 +0.7070382139 +0.00000 +0.02348 +0.00000     989.587  1.38236 -1.5689891 +0.83814   +3919.41    +0.032604 +1991.339107
   136.4 +6382005.614    +8964.134       -0.000  -449.823946    -0.720913    -0.000000 -0.7070261764 +0.0106764449 -0.0106764449 +0.7070261764 +0.00000 +0.02393 +0.00000     989.560  1.38242 -1.5705983 +0.86080   +3874.91    +0.033576 +2011.117197
   136.5 +6381961.054    +8964.099       -0.000  -450.392747    +0.022555    -0.000000 -0.7070129044 +0.0115218776 -0.0115218776 +0.7070129044 +0.00000 +0.02439 +0.00000     989.533  1.38416 -1.5693416 +0.88289   +3830.35    +0.033012 +2021.480658
   136.6 +6381915.085    +8964.140       -0.000  -450.973405    +0.810362    -0.000000 -0.7069978822 +0.0124094837 -0.0124094837 +0.7069978822 +0.00000 +0.02486 +0.00000     989.505  1.38425 -1.5675948 +0.90594   +3784.38    +0.033877 +2041.673479
   136.7 +6381870.412    +8964.258       -0.000  -451.530517    +1.599071    -0.000000 -0.7069819273 +0.0132874072 -0.0132874072 +0.7069819273 +0.00000 +0.02532 +0.00000     989.477  1.38596 -1.5658503 +0.92863   +3739.71    +0.033305 +2052.004642
   136.8 +6381825.684    +8964.454       -0.000  -452.082880    +2.407163    -0.000000 -0.7069645602 +0.0141813758 -0.0141813758 +0.7069645602 +0.00000 +0.02578 +0.00000     989.449  1.38598 -1.5640671 +0.95285   +3694.98    +0.034273 +2071.976463
   136.9 +6381779.543    +8964.742       -0.000  -452.644151    +3.267248    -0.000000 -0.7069451209 +0.0151194189 -0.0151194189 +0.7069451209 +0.00000 +0.02627 +0.00000     989.420  1.38770 -1.5621736 +0.97644   +3648.84    +0.033588 +2082.578740
   137.0 +6381734.706    +8965.107       -0.000  -453.184063    +4.121193    -0.000000 -0.7069246871 +0.0160464193 -0.0160464193 +0.7069246871 +0.00000 +0.02673 +0.00000     989.392  1.38937 -1.5602979 +1.00087   +3604.00    +0.033034 +2092.841618
   137.1 +6381689.815    +8965.557       -0.000  -453.716012    +5.002306    -0.000000 -0.7069026457 +0.0169897143 -0.0169897143 +0.7069026457 +0.00000 +0.02720 +0.00000     989.364  1.38934 -1.5583667 +1.02596   +3559.11    +0.033967 +2112.872698
   137.2 +6381643.509    +8966.113       -0.000  -454.258421    +5.930934    -0.000000 -0.7068781792 +0.0179788947 -0.0179788947 +0.7068781792 +0.00000 +0.02768 +0.00000     989.334  1.39103 -1.5563358 +1.05005   +3512.81    +0.033299 +2123.391997
   137.3 +6381598.512    +8966.744       -0.000  -454.777105    +6.858440    -0.000000 -0.7068526627 +0.0189555843 -0.0189555843 +0.7068526627 +0.00000 +0.02816 +0.00000     989.306  1.39096 -1.5543115 +1.07588   +3467.81    +0.034231 +2143.490582
   137.4 +6381553.465    +8967.469       -0.000  -455.289275    +7.808129    -0.000000 -0.7068253236 +0.0199490045 -0.0199490045 +0.7068253236 +0.00000 +0.02864 +0.00000     989.277  1.39257 -1.5522430 +1.10102   +3422.77    +0.033659 +2153.638076
   137.5 +6381507.000    +8968.314       -0.000  -455.809211    +8.812161    -0.000000 -0.7067951832 +0.0209897593 -0.0209897593 +0.7067951832 +0.00000 +0.02913 +0.00000     989.247  1.39252 -1.5500604 +1.12707   +3376.30    +0.034486 +2174.098986
   137.6 +6381461.851    +8969.235       -0.000  -456.306136    +9.811465    -0.000000 -0.7067639290 +0.0220170294 -0.0220170294 +0.7067639290 +0.00000 +0.02961 +0.00000     989.218  1.39410 -1.5478922 +1.15275   +3331.15    +0.033908 +2184.173754
   137.7 +6381416.653    +8970.255       -0.000  -456.795901   +10.833665    -0.000000 -0.7067306382 +0.0230609211 -0.0230609211 +0.7067306382 +0.00000 +0.03009 +0.00000     989.188  1.39398 -1.5456784 +1.17990   +3285.96    +0.034838 +2204.373671
   137.8 +6381370.035    +8971.413       -0.000  -457.291318   +11.914997    -0.000000 -0.7066941178 +0.0241541903 -0.0241541903 +0.7066941178 +0.00000 +0.03059 +0.00000     989.158  1.39556 -1.5433408 +1.20576   +3239.34    +0.034147 +2214.668992
   137.9 +6381324.740    +8972.644       -0.000  -457.765170   +12.986012    -0.000000 -0.7066564431 +0.0252323696 -0.0252323696 +0.7066564431 +0.00000 +0.03107 +0.00000     989.128  1.39541 -1.5410296 +1.23349   +3194.05    +0.035075 +2234.902750
   138.0 +6381279.399    +8973.982       -0.000  -458.228975   +14.086619    -0.000000 -0.7066164877 +0.0263275610 -0.0263275610 +0.7066164877 +0.00000 +0.03156 +0.00000     989.098  1.39691 -1.5386583 +1.26063   +3148.71    +0.034482 +2244.802688
   138.1 +6381232.636    +8975.476       -0.000  -458.699682   +15.241430    -0.000000 -0.7065728514 +0.0274737482 -0.0274737482 +0.7065728514 +0.00000 +0.03206 +0.00000     989.067  1.39845 -1.5361745 +1.28816   +3101.95    +0.033812 +2254.955056
   138.2 +6381187.204    +8977.040       -0.000  -459.145576   +16.393519    -0.000000 -0.7065280185 +0.0286035015 -0.0286035015 +0.7065280185 +0.00000 +0.03256 +0.00000     989.037  1.39825 -1.5337003 +1.31671   +3056.52    +0.034705 +2275.154179
   138.3 +6381141.727    +8978.719       -0.000  -459.583956   +17.566311    -0.000000 -0.7064806505 +0.0297504899 -0.0297504899 +0.7064806505 +0.00000 +0.03305 +0.00000     989.007  1.39971 -1.5311857 +1.34433   +3011.04    +0.034130 +2284.901195
   138.4 +6381094.828    +8980.572       -0.000  -460.024576   +18.804934    -0.000000 -0.7064291150 +0.0309500678 -0.0309500678 +0.7064291150 +0.00000 +0.03356 +0.00000     988.975  1.39951 -1.5285336 +1.37293   +2964.15    +0.034921 +2305.398194
   138.5 +6381049.265    +8982.492       -0.000  -460.443283   +20.030697    -0.000000 -0.7063763405 +0.0321320230 -0.0321320230 +0.7063763405 +0.00000 +0.03406 +0.00000     988.944  1.40093 -1.5259130 +1.40124   +2918.59    +0.034340 +2315.026720
   138.6 +6381003.661    +8984.535       -0.000  -460.851495   +21.284005    -0.000000 -0.7063207760 +0.0333311070 -0.0333311070 +0.7063207760 +0.00000 +0.03455 +0.00000     988.913  1.40067 -1.5232370 +1.43087   +2872.99    +0.035232 +2335.219925
   138.7 +6380956.634    +8986.771       -0.000  -461.261590   +22.601844    -0.000000 -0.7062604965 +0.0345848592 -0.0345848592 +0.7062604965 +0.00000 +0.03507 +0.00000     988.881  1.40209 -1.5204271 +1.45922   +2825.96    +0.034542 +2345.007453
   138.8 +6380910.951    +8989.071       -0.000  -461.649113   +23.907110    -0.000000 -0.7061989690 +0.0358192353 -0.0358192353 +0.7061989690 +0.00000 +0.03557 +0.00000     988.850  1.40179 -1.5176475 +1.48937   +2780.28    +0.035430 +2365.176634
   138.9 +6380865.229    +8991.502       -0.000  -462.025316   +25.240100    -0.000000 -0.7061343534 +0.0370712338 -0.0370712338 +0.7061343534 +0.00000 +0.03608 +0.00000     988.818  1.40314 -1.5148122 +1.51854   +2734.56    +0.034835 +2374.536063
   139.0 +6380818.084    +8994.145       -0.000  -462.402279   +26.638418    -0.000000 -0.7060644645 +0.0383793374 -0.0383793374 +0.7060644645 +0.00000 +0.03659 +0.00000     988.786  1.40284 -1.5118416 +1.54870   +2687.42    +0.035621 +2394.950717
   139.1 +6380772.289    +8996.849       -0.000  -462.755306   +28.026166    -0.000000 -0.7059932989 +0.0396669058 -0.0396669058 +0.7059932989 +0.00000 +0.03710 +0.00000     988.754  1.40415 -1.5088965 +1.57820   +2641.63    +0.035020 +2404.157330
   139.2 +6380726.460    +8999.691       -0.000  -463.098457   +29.435389    -0.000000 -0.7059187612 +0.0409719927 -0.0409719927 +0.7059187612 +0.00000 +0.03760 +0.00000     988.722  1.40378 -1.5059094 +1.60942   +2595.81    +0.035903 +2424.241569
   139.3 +6380679.207    +9002.767       -0.000  -463.437153   +30.921799    -0.000000 -0.7058383238 +0.0423351182 -0.0423351182 +0.7058383238 +0.00000 +0.03814 +0.00000     988.688  1.40509 -1.5027614 +1.63942   +2548.56    +0.035198 +2433.558483
   139.4 +6380633.311    +9005.898       -0.000  -463.755804   +32.384840    -0.000000 -0.7057566146 +0.0436761110 -0.0436761110 +0.7057566146 +0.00000 +0.03864 +0.00000     988.656  1.40634 -1.4996664 +1.67051   +2502.67    +0.034616 +2442.531185
   139.5 +6380587.385    +9009.176       -0.000  -464.059274   +33.881991    -0.000000 -0.7056712207 +0.0450347649 -0.0450347649 +0.7056712207 +0.00000 +0.03916 +0.00000     988.623  1.40591 -1.4965015 +1.70215   +2456.74    +0.035468 +2462.445648
   139.6 +6380540.036    +9012.709       -0.000  -464.360666   +35.446251    -0.000000 -0.7055792628 +0.0464532629 -0.0464532629 +0.7055792628 +0.00000 +0.03969 +0.00000     988.590  1.40716 -1.4931981 +1.73242   +2409.40    +0.034782 +2471.505382
   139.7 +6380494.050    +9016.292       -0.000  -464.637905   +36.997026    -0.000000 -0.7054860549 +0.0478479698 -0.0478479698 +0.7054860549 +0.00000 +0.04021 +0.00000     988.557  1.40670 -1.4899254 +1.76458   +2363.42    +0.035631 +2491.332988
   139.8 +6380448.038    +9020.030       -0.000  -464.902959   +38.570817    -0.000000 -0.7053888215 +0.0492606574 -0.0492606574 +0.7053888215 +0.00000 +0.04072 +0.00000     988.524  1.40787 -1.4866069 +1.79555   +2317.41    +0.035036 +2499.934651
   139.9 +6380400.605    +9024.046       -0.000  -465.160511   +40.223323    -0.000000 -0.7052843380 +0.0507346480 -0.0507346480 +0.7052843380 +0.00000 +0.04125 +0.00000     988.489  1.40740 -1.4831246 +1.82756   +2269.99    +0.035787 +2519.920279
   140.0 +6380354.543    +9028.106       -0.000  -465.396518   +41.853215    -0.000000 -0.7051786098 +0.0521836208 -0.0521836208 +0.7051786098 +0.00000 +0.04177 +0.00000     988.456  1.40854 -1.4796924 +1.85885   +2223.93    +0.035187 +2528.316743
   140.1 +6380308.458    +9032.329       -0.000  -465.617870   +43.510386    -0.000000 -0.7050685398 +0.0536503145 -0.0536503145 +0.7050685398 +0.00000 +0.04229 +0.00000     988.422  1.40800 -1.4762047 +1.89182   +2177.85    +0.036036 +2547.930707
   140.2 +6380260.954    +9036.853       -0.000  -465.829796   +45.247366    -0.000000 -0.7049504425 +0.0551803922 -0.0551803922 +0.7049504425 +0.00000 +0.04283 +0.00000     988.387  1.40912 -1.4725509 +1.92325   +2130.35    +0.035332 +2556.358515
   140.3 +6380214.828    +9041.414       -0.000  -466.020706   +46.958766    -0.000000 -0.7048311701 +0.0566835401 -0.0566835401 +0.7048311701 +0.00000 +0.04335 +0.00000     988.353  1.40854 -1.4689528 +1.95656   +2084.23    +0.036177 +2575.838317
   140.4 +6380168.683    +9046.146       -0.000  -466.194616   +48.700757    -0.000000 -0.7047071733 +0.0582048286 -0.0582048286 +0.7047071733 +0.00000 +0.04388 +0.00000     988.319  1.40959 -1.4652916 +1.98842   +2038.10    +0.035565 +2583.789196
   140.5 +6380121.123    +9051.203       -0.000  -466.358923   +50.518843    -0.000000 -0.7045743730 +0.0597909279 -0.0597909279 +0.7045743730 +0.00000 +0.04441 +0.00000     988.283  1.40901 -1.4614723 +2.02154   +1990.54    +0.036312 +2603.362200
   140.6 +6380074.947    +9056.291       -0.000  -466.499328   +52.317288    -0.000000 -0.7044404393 +0.0613487547 -0.0613487547 +0.7044404393 +0.00000 +0.04494 +0.00000     988.249  1.41001 -1.4576948 +2.05385   +1944.37    +0.035695 +2611.069855
   140.7 +6380028.757    +9061.557       -0.000  -466.625869   +54.135134    -0.000000 -0.7043014266 +0.0629245807 -0.0629245807 +0.7043014266 +0.00000 +0.04546 +0.00000     988.214  1.40936 -1.4538783 +2.08795   +1898.19    +0.035102 +2630.242904
   140.8 +6379981.156    +9067.174       -0.000  -466.734611   +56.045906    -0.000000 -0.7041527525 +0.0645670466 -0.0645670466 +0.7041527525 +0.00000 +0.04601 +0.00000     988.178  1.41035 -1.4498665 +2.12106   +1850.60    +0.035817 +2637.921768
   140.9 +6379934.945    +9072.812       -0.000  -466.825683   +57.919209    -0.000000 -0.7040030284 +0.0661795920 -0.0661795920 +0.7040030284 +0.00000 +0.04654 +0.00000     988.143  1.41129 -1.4459347 +2.15407   +1804.40    +0.035219 +2645.276547
   141.0 +6379888.725    +9078.637       -0.000  -466.895672   +59.827529    -0.000000 -0.7038478467 +0.0678101115 -0.0678101115 +0.7038478467 +0.00000 +0.04707 +0.00000     988.107  1.41057 -1.4419289 +2.18832   +1758.18    +0.036029 +2664.102934
   141.1 +6379841.099    +9084.838       -0.000  -466.951305   +61.814894    -0.000000 -0.7036820948 +0.0695090786 -0.0695090786 +0.7036820948 +0.00000 +0.04761 +0.00000     988.071  1.41149 -1.4377579 +2.22104   +1710.57    +0.035331 +2671.401377
   141.2 +6379794.869    +9091.051       -0.000  -466.983976   +63.776887    -0.000000 -0.7035154144 +0.0711762900 -0.0711762900 +0.7035154144 +0.00000 +0.04815 +0.00000     988.035  1.41073 -1.4336392 +2.25567   +1664.35    +0.036138 +2690.021402
   141.3 +6379748.637    +9097.460       -0.000  -466.999273   +65.761176    -0.000000 -0.7033428509 +0.0728617647 -0.0728617647 +0.7033428509 +0.00000 +0.04868 +0.00000     987.999  1.41158 -1.4294737 +2.28897   +1618.12    +0.035528 +2696.821410
   141.4 +6379701.003    +9104.270       -0.000  -466.993268   +67.836821    -0.000000 -0.7031587998 +0.0746170556 -0.0746170556 +0.7031587998 +0.00000 +0.04923 +0.00000     987.962  1.41081 -1.4251153 +2.32321   +1570.50    +0.036240 +2715.423130
   141.5 +6379654.772    +9111.084       -0.000  -466.967959   +69.876445    -0.000000 -0.7029739092 +0.0763392806 -0.0763392806 +0.7029739092 +0.00000 +0.04976 +0.00000     987.926  1.41161 -1.4208317 +2.35636   +1524.28    +0.035625 +2721.924873
   141.6 +6379608.544    +9118.101       -0.000  -466.922257   +71.942680    -0.000000 -0.7027827629 +0.0780793888 -0.0780793888 +0.7027827629 +0.00000 +0.05029 +0.00000     987.889  1.41077 -1.4164908 +2.39149   +1478.06    +0.036431 +2740.092744
   141.7 +6379560.921    +9125.545       -0.000  -466.852835   +74.100494    -0.000000 -0.7025790915 +0.0798913208 -0.0798913208 +0.7025790915 +0.00000 +0.05084 +0.00000     987.852  1.41155 -1.4119556 +2.42468   +1430.45    +0.035717 +2746.472417
   141.8 +6379514.707    +9132.983       -0.000  -466.765051   +76.218888    -0.000000 -0.7023747720 +0.0816681251 -0.0816681251 +0.7023747720 +0.00000 +0.05137 +0.00000     987.815  1.41067 -1.4075015 +2.45999   +1384.24    +0.036521 +2764.384744
   141.9 +6379468.502    +9140.631       -0.000  -466.653885   +78.367491    -0.000000 -0.7021637323 +0.0834631420 -0.0834631420 +0.7021637323 +0.00000 +0.05191 +0.00000     987.778  1.41138 -1.4029811 +2.49340   +1338.05    +0.035894 +2770.254244
   142.0 +6379420.910    +9148.735       -0.000  -466.519018   +80.602082    -0.000000 -0.7019391535 +0.0853312835 -0.0853312835 +0.7019391535 +0.00000 +0.05246 +0.00000     987.740  1.41047 -1.3982778 +2.52835   +1290.47    +0.036605 +2788.074451
   142.1 +6379374.732    +9156.820       -0.000  -466.362033   +82.804667    -0.000000 -0.7017140736 +0.0871628483 -0.0871628483 +0.7017140736 +0.00000 +0.05300 +0.00000     987.702  1.41114 -1.3936378 +2.56209   +1244.30    +0.035974 +2793.606601
   142.2 +6379328.570    +9165.124       -0.000  -466.186299   +85.023489    -0.000000 -0.7014818624 +0.0890123587 -0.0890123587 +0.7014818624 +0.00000 +0.05352 +0.00000     987.665  1.41017 -1.3889615 +2.59793   +1198.15    +0.035366 +2810.968591
   142.3 +6379281.030    +9173.912       -0.000  -465.975805   +87.347528    -0.000000 -0.7012349952 +0.0909367076 -0.0909367076 +0.7012349952 +0.00000 +0.05409 +0.00000     987.626  1.41080 -1.3840578 +2.63254   +1150.63    +0.036047 +2816.309421
   142.4 +6379234.909    +9182.668       -0.000  -465.752126   +89.618301    -0.000000 -0.7009878363 +0.0928227167 -0.0928227167 +0.7009878363 +0.00000 +0.05461 +0.00000     987.588  1.41140 -1.3792638 +2.66683   +1104.52    +0.035435 +2821.369322
   142.5 +6379188.811    +9191.651       -0.000  -465.499958   +91.923648    -0.000000 -0.7007331082 +0.0947265248 -0.0947265248 +0.7007331082 +0.00000 +0.05516 +0.00000     987.550  1.41036 -1.3743909 +2.70253   +1058.43    +0.036206 +2838.192607
   142.6 +6379141.344    +9201.145       -0.000  -465.218237   +94.316452    -0.000000 -0.7004625533 +0.0967068505 -0.0967068505 +0.7004625533 +0.00000 +0.05570 +0.00000     987.510  1.41092 -1.3693291 +2.73634   +1010.98    +0.035498 +2843.030847
   142.7 +6379095.301    +9210.595       -0.000  -464.916220   +96.670692    -0.000000 -0.7001919707 +0.0986468838 -0.0986468838 +0.7001919707 +0.00000 +0.05624 +0.00000     987.472  1.40983 -1.3643423 +2.77229    +964.95    +0.036267 +2859.521634
   142.8 +6379049.290    +9220.279       -0.000  -464.591236   +99.043901    -0.000000 -0.6999133216 +0.1006048998 -0.1006048998 +0.6999133216 +0.00000 +0.05678 +0.00000     987.433  1.41033 -1.3593102 +2.80612    +918.95    +0.035643 +2863.841174
   142.9 +6379001.919    +9230.504       -0.000  -464.227826  +101.517403    -0.000000 -0.6996176876 +0.1026406100 -0.1026406100 +0.6996176876 +0.00000 +0.05733 +0.00000     987.393  1.40922 -1.3540583 +2.84152    +871.60    +0.036324 +2880.115821
   143.0 +6378955.979    +9240.670       -0.000  -463.849147  +103.940678    -0.000000 -0.6993222431 +0.1046346217 -0.1046346217 +0.6993222431 +0.00000 +0.05786 +0.00000     987.354  1.40967 -1.3489063 +2.87536    +825.67    +0.035695 +2884.044363
   143.1 +6378910.077    +9251.077       -0.000  -463.444012  +106.386915    -0.000000 -0.6990183247 +0.1066460759 -0.1066460759 +0.6990183247 +0.00000 +0.05840 +0.00000     987.315  1.40849 -1.3436983 +2.91152    +779.79    +0.036466 +2899.836396
   143.2 +6378862.828    +9262.055       -0.000  -462.996968  +108.933958    -0.000000 -0.6986961073 +0.1087370845 -0.1087370845 +0.6986961073 +0.00000 +0.05895 +0.00000     987.275  1.40890 -1.3382670 +2.94491    +732.55    +0.035743 +2903.470311
   143.3 +6378817.013    +9272.958       -0.000  -462.537282  +111.424902    -0.000000 -0.6983744413 +0.1107842217 -0.1107842217 +0.6983744413 +0.00000 +0.05948 +0.00000     987.235  1.40768 -1.3329475 +2.98109    +686.75    +0.036513 +2918.884052
   143.4 +6378771.245    +9284.110       -0.000  -462.046335  +113.944780    -0.000000 -0.6980437754 +0.1128489775 -0.1128489775 +0.6980437754 +0.00000 +0.06002 +0.00000     987.196  1.40803 -1.3275563 +3.01490    +641.00    +0.035872 +2921.997306
   143.5 +6378724.142    +9295.862       -0.000  -461.515201  +116.555595    -0.000000 -0.6976935502 +0.1149944089 -0.1149944089 +0.6976935502 +0.00000 +0.06056 +0.00000     987.155  1.40678 -1.3219619 +3.05054    +593.92    +0.036555 +2937.108277
   143.6 +6378678.478    +9307.524       -0.000  -460.965014  +119.122168    -0.000000 -0.6973441800 +0.1170944013 -0.1170944013 +0.6973441800 +0.00000 +0.06110 +0.00000     987.115  1.40707 -1.3164505 +3.08499    +548.27    +0.035910 +2939.793531
   143.7 +6378632.870    +9319.441       -0.000  -460.391537  +121.698792    -0.000000 -0.6969853525 +0.1192116715 -0.1192116715 +0.6969853525 +0.00000 +0.06162 +0.00000     987.074  1.40735 -1.3109086 +3.12054    +502.68    +0.035287 +2942.338930
   143.8 +6378585.941    +9331.987       -0.000  -459.762919  +124.388193    -0.000000 -0.6966056041 +0.1214110238 -0.1214110238 +0.6966056041 +0.00000 +0.06218 +0.00000     987.033  1.40602 -1.3051103 +3.15598    +455.77    +0.035943 +2956.725216
   143.9 +6378540.455    +9344.427       -0.000  -459.127779  +127.009124    -0.000000 -0.6962270785 +0.1235631805 -0.1235631805 +0.6962270785 +0.00000 +0.06270 +0.00000     986.992  1.40624 -1.2994491 +3.18943    +410.30    +0.035316 +2958.829071
   144.0 +6378495.033    +9357.128       -0.000  -458.457703  +129.658485    -0.000000 -0.6958386444 +0.1257321976 -0.1257321976 +0.6958386444 +0.00000 +0.06323 +0.00000     986.952  1.40485 -1.2937127 +3.22547    +364.90    +0.036059 +2972.716507
   144.1 +6378448.306    +9370.489       -0.000  -457.738270  +132.402882    -0.000000 -0.6954278400 +0.1279848583 -0.1279848583 +0.6954278400 +0.00000 +0.06377 +0.00000     986.909  1.40503 -1.2877576 +3.25829    +318.19    +0.035341 +2974.419296
   144.2 +6378403.024    +9383.725       -0.000  -457.006261  +135.089779    -0.000000 -0.6950187415 +0.1301881470 -0.1301881470 +0.6950187415 +0.00000 +0.06430 +0.00000     986.868  1.40360 -1.2819125 +3.29442    +272.93    +0.036086 +2987.857648
   144.3 +6378357.817    +9397.229       -0.000  -456.243044  +137.794691    -0.000000 -0.6945991790 +0.1324084035 -0.1324084035 +0.6945991790 +0.00000 +0.06482 +0.00000     986.827  1.40372 -1.2760137 +3.32747    +227.74    +0.035446 +2989.047758
   144.4 +6378311.321    +9411.422       -0.000  -455.424011  +140.599392    -0.000000 -0.6941558729 +0.1347131355 -0.1347131355 +0.6941558729 +0.00000 +0.06536 +0.00000     986.785  1.40225 -1.2698815 +3.36290    +181.26    +0.036110 +3002.054790
   144.5 +6378266.273    +9425.473       -0.000  -454.593667  +143.344002    -0.000000 -0.6937146586 +0.1369670667 -0.1369670667 +0.6937146586 +0.00000 +0.06589 +0.00000     986.743  1.40231 -1.2638636 +3.39568    +136.24    +0.035465 +3002.768866
   144.6 +6378221.309    +9439.796       -0.000  -453.734403  +146.099444    -0.000000 -0.6932625649 +0.1392372832 -0.1392372832 +0.6932625649 +0.00000 +0.06640 +0.00000     986.701  1.40079 -1.2578063 +3.43179     +91.29    +0.036215 +3015.271453
   144.7 +6378175.074    +9454.840       -0.000  -452.808307  +148.966239    -0.000000 -0.6927851692 +0.1415934827 -0.1415934827 +0.6927851692 +0.00000 +0.06694 +0.00000     986.658  1.40080 -1.2514838 +3.46399     +45.08    +0.035481 +3015.507758